sbuid,testDateUtc,metric,value,sbu_sport
114137043.0,2024-01-26T16:32:25.677Z,leftAvgForce,524.5,Track and Field
114137043.0,2024-01-26T16:32:25.677Z,leftImpulse,7196.025000000005,Track and Field
114137043.0,2024-01-26T16:32:25.677Z,leftMaxForce,524.5,Track and Field
114137043.0,2024-01-26T16:32:25.677Z,leftTorque,219.50325,Track and Field
114137043.0,2024-01-26T16:32:25.677Z,leftCalibration,0.0,Track and Field
114137043.0,2024-01-26T16:32:25.677Z,rightAvgForce,487.0,Track and Field
114137043.0,2024-01-26T16:32:25.677Z,rightImpulse,6895.539999999999,Track and Field
114137043.0,2024-01-26T16:32:25.677Z,rightMaxForce,487.0,Track and Field
114137043.0,2024-01-26T16:32:25.677Z,rightTorque,203.8095,Track and Field
114137043.0,2024-01-26T16:32:25.677Z,rightCalibration,0.0,Track and Field
114137043.0,2024-01-26T16:32:25.677Z,leftRepetitions,1.0,Track and Field
114137043.0,2024-01-26T16:32:25.677Z,rightRepetitions,1.0,Track and Field
114502308.0,2022-01-24T16:55:15.054Z,leftAvgForce,290.625,Track and Field
114502308.0,2022-01-24T16:55:15.054Z,leftImpulse,6335.295000000012,Track and Field
114502308.0,2022-01-24T16:55:15.054Z,leftMaxForce,360.0,Track and Field
114502308.0,2022-01-24T16:55:15.054Z,leftTorque,134.46,Track and Field
114502308.0,2022-01-24T16:55:15.054Z,leftCalibration,0.0,Track and Field
114502308.0,2022-01-24T16:55:15.054Z,rightAvgForce,265.125,Track and Field
114502308.0,2022-01-24T16:55:15.054Z,rightImpulse,4575.089999999998,Track and Field
114502308.0,2022-01-24T16:55:15.054Z,rightMaxForce,311.5,Track and Field
114502308.0,2022-01-24T16:55:15.054Z,rightTorque,116.34525000000002,Track and Field
114502308.0,2022-01-24T16:55:15.054Z,rightCalibration,0.0,Track and Field
114502308.0,2022-01-24T16:55:15.054Z,leftRepetitions,4.0,Track and Field
114502308.0,2022-01-24T16:55:15.054Z,rightRepetitions,4.0,Track and Field
114502308.0,2022-01-12T17:12:50.085Z,leftAvgForce,248.91666666666663,Track and Field
114502308.0,2022-01-12T17:12:50.085Z,leftImpulse,3790.2800000000025,Track and Field
114502308.0,2022-01-12T17:12:50.085Z,leftMaxForce,256.25,Track and Field
114502308.0,2022-01-12T17:12:50.085Z,leftTorque,95.709375,Track and Field
114502308.0,2022-01-12T17:12:50.085Z,leftCalibration,0.0,Track and Field
114502308.0,2022-01-12T17:12:50.085Z,rightAvgForce,261.0,Track and Field
114502308.0,2022-01-12T17:12:50.085Z,rightImpulse,3527.844999999996,Track and Field
114502308.0,2022-01-12T17:12:50.085Z,rightMaxForce,279.25,Track and Field
114502308.0,2022-01-12T17:12:50.085Z,rightTorque,104.299875,Track and Field
114502308.0,2022-01-12T17:12:50.085Z,rightCalibration,0.0,Track and Field
114502308.0,2022-01-12T17:12:50.085Z,leftRepetitions,3.0,Track and Field
114502308.0,2022-01-12T17:12:50.085Z,rightRepetitions,3.0,Track and Field
114502308.0,2022-02-21T17:02:54.155Z,leftAvgForce,307.16666666666663,Track and Field
114502308.0,2022-02-21T17:02:54.155Z,leftImpulse,4572.380000000005,Track and Field
114502308.0,2022-02-21T17:02:54.155Z,leftMaxForce,314.75,Track and Field
114502308.0,2022-02-21T17:02:54.155Z,leftTorque,117.55912500000002,Track and Field
114502308.0,2022-02-21T17:02:54.155Z,leftCalibration,0.0,Track and Field
114502308.0,2022-02-21T17:02:54.155Z,rightAvgForce,328.8333333333333,Track and Field
114502308.0,2022-02-21T17:02:54.155Z,rightImpulse,4163.784999999997,Track and Field
114502308.0,2022-02-21T17:02:54.155Z,rightMaxForce,340.75,Track and Field
114502308.0,2022-02-21T17:02:54.155Z,rightTorque,127.27012500000002,Track and Field
114502308.0,2022-02-21T17:02:54.155Z,rightCalibration,0.0,Track and Field
114502308.0,2022-02-21T17:02:54.155Z,leftRepetitions,3.0,Track and Field
114502308.0,2022-02-21T17:02:54.155Z,rightRepetitions,3.0,Track and Field
114502308.0,2022-02-07T17:00:01.614Z,leftAvgForce,296.1666666666667,Track and Field
114502308.0,2022-02-07T17:00:01.614Z,leftImpulse,5456.294999999997,Track and Field
114502308.0,2022-02-07T17:00:01.614Z,leftMaxForce,304.5,Track and Field
114502308.0,2022-02-07T17:00:01.614Z,leftTorque,113.73075,Track and Field
114502308.0,2022-02-07T17:00:01.614Z,leftCalibration,0.0,Track and Field
114502308.0,2022-02-07T17:00:01.614Z,rightAvgForce,306.5833333333333,Track and Field
114502308.0,2022-02-07T17:00:01.614Z,rightImpulse,4654.559999999998,Track and Field
114502308.0,2022-02-07T17:00:01.614Z,rightMaxForce,312.25,Track and Field
114502308.0,2022-02-07T17:00:01.614Z,rightTorque,116.62537500000002,Track and Field
114502308.0,2022-02-07T17:00:01.614Z,rightCalibration,0.0,Track and Field
114502308.0,2022-02-07T17:00:01.614Z,leftRepetitions,3.0,Track and Field
114502308.0,2022-02-07T17:00:01.614Z,rightRepetitions,3.0,Track and Field
114502308.0,2022-03-21T16:01:00.233Z,leftAvgForce,300.0833333333333,Track and Field
114502308.0,2022-03-21T16:01:00.233Z,leftImpulse,4530.605000000002,Track and Field
114502308.0,2022-03-21T16:01:00.233Z,leftMaxForce,310.0,Track and Field
114502308.0,2022-03-21T16:01:00.233Z,leftTorque,115.785,Track and Field
114502308.0,2022-03-21T16:01:00.233Z,leftCalibration,0.0,Track and Field
114502308.0,2022-03-21T16:01:00.233Z,rightAvgForce,299.5,Track and Field
114502308.0,2022-03-21T16:01:00.233Z,rightImpulse,4155.494999999999,Track and Field
114502308.0,2022-03-21T16:01:00.233Z,rightMaxForce,306.5,Track and Field
114502308.0,2022-03-21T16:01:00.233Z,rightTorque,114.47775,Track and Field
114502308.0,2022-03-21T16:01:00.233Z,rightCalibration,0.0,Track and Field
114502308.0,2022-03-21T16:01:00.233Z,leftRepetitions,3.0,Track and Field
114502308.0,2022-03-21T16:01:00.233Z,rightRepetitions,3.0,Track and Field
114502308.0,2022-04-04T15:54:40.719Z,leftAvgForce,357.5,Track and Field
114502308.0,2022-04-04T15:54:40.719Z,leftImpulse,2092.6200000000013,Track and Field
114502308.0,2022-04-04T15:54:40.719Z,leftMaxForce,357.5,Track and Field
114502308.0,2022-04-04T15:54:40.719Z,leftTorque,133.52625000000003,Track and Field
114502308.0,2022-04-04T15:54:40.719Z,leftCalibration,0.0,Track and Field
114502308.0,2022-04-04T15:54:40.719Z,rightAvgForce,349.0,Track and Field
114502308.0,2022-04-04T15:54:40.719Z,rightImpulse,1805.449999999999,Track and Field
114502308.0,2022-04-04T15:54:40.719Z,rightMaxForce,349.0,Track and Field
114502308.0,2022-04-04T15:54:40.719Z,rightTorque,130.35150000000002,Track and Field
114502308.0,2022-04-04T15:54:40.719Z,rightCalibration,0.0,Track and Field
114502308.0,2022-04-04T15:54:40.719Z,leftRepetitions,1.0,Track and Field
114502308.0,2022-04-04T15:54:40.719Z,rightRepetitions,1.0,Track and Field
114502308.0,2022-11-21T15:33:47.808Z,leftAvgForce,298.0833333333333,Track and Field
114502308.0,2022-11-21T15:33:47.808Z,leftImpulse,4256.354999999999,Track and Field
114502308.0,2022-11-21T15:33:47.808Z,leftMaxForce,312.0,Track and Field
114502308.0,2022-11-21T15:33:47.808Z,leftTorque,116.532,Track and Field
114502308.0,2022-11-21T15:33:47.808Z,leftCalibration,0.0,Track and Field
114502308.0,2022-11-21T15:33:47.808Z,rightAvgForce,302.5,Track and Field
114502308.0,2022-11-21T15:33:47.808Z,rightImpulse,4456.969999999996,Track and Field
114502308.0,2022-11-21T15:33:47.808Z,rightMaxForce,311.75,Track and Field
114502308.0,2022-11-21T15:33:47.808Z,rightTorque,116.43862500000002,Track and Field
114502308.0,2022-11-21T15:33:47.808Z,rightCalibration,0.0,Track and Field
114502308.0,2022-11-21T15:33:47.808Z,leftRepetitions,3.0,Track and Field
114502308.0,2022-11-21T15:33:47.808Z,rightRepetitions,3.0,Track and Field
114502308.0,2023-12-06T14:56:17.672Z,leftAvgForce,530.0,Track and Field
114502308.0,2023-12-06T14:56:17.672Z,leftImpulse,6679.465000000003,Track and Field
114502308.0,2023-12-06T14:56:17.672Z,leftMaxForce,530.0,Track and Field
114502308.0,2023-12-06T14:56:17.672Z,leftTorque,197.95500000000004,Track and Field
114502308.0,2023-12-06T14:56:17.672Z,leftCalibration,0.0,Track and Field
114502308.0,2023-12-06T14:56:17.672Z,rightAvgForce,275.5,Track and Field
114502308.0,2023-12-06T14:56:17.672Z,rightImpulse,2761.584999999999,Track and Field
114502308.0,2023-12-06T14:56:17.672Z,rightMaxForce,324.25,Track and Field
114502308.0,2023-12-06T14:56:17.672Z,rightTorque,121.10737500000002,Track and Field
114502308.0,2023-12-06T14:56:17.672Z,rightCalibration,0.0,Track and Field
114502308.0,2023-12-06T14:56:17.672Z,leftRepetitions,0.0,Track and Field
114502308.0,2023-12-06T14:56:17.672Z,rightRepetitions,3.0,Track and Field
114502308.0,2024-01-26T16:25:00.755Z,leftAvgForce,279.0833333333333,Track and Field
114502308.0,2024-01-26T16:25:00.755Z,leftImpulse,2698.749999999998,Track and Field
114502308.0,2024-01-26T16:25:00.755Z,leftMaxForce,332.0,Track and Field
114502308.0,2024-01-26T16:25:00.755Z,leftTorque,124.00200000000002,Track and Field
114502308.0,2024-01-26T16:25:00.755Z,leftCalibration,0.0,Track and Field
114502308.0,2024-01-26T16:25:00.755Z,rightAvgForce,265.25,Track and Field
114502308.0,2024-01-26T16:25:00.755Z,rightImpulse,2300.254999999999,Track and Field
114502308.0,2024-01-26T16:25:00.755Z,rightMaxForce,316.5,Track and Field
114502308.0,2024-01-26T16:25:00.755Z,rightTorque,118.21275,Track and Field
114502308.0,2024-01-26T16:25:00.755Z,rightCalibration,0.0,Track and Field
114502308.0,2024-01-26T16:25:00.755Z,leftRepetitions,3.0,Track and Field
114502308.0,2024-01-26T16:25:00.755Z,rightRepetitions,3.0,Track and Field
111906017.0,2022-09-06T14:59:35.944Z,leftAvgForce,253.41666666666663,Track and Field
111906017.0,2022-09-06T14:59:35.944Z,leftImpulse,3446.489999999999,Track and Field
111906017.0,2022-09-06T14:59:35.944Z,leftMaxForce,261.75,Track and Field
111906017.0,2022-09-06T14:59:35.944Z,leftTorque,109.542375,Track and Field
111906017.0,2022-09-06T14:59:35.944Z,leftCalibration,0.0,Track and Field
111906017.0,2022-09-06T14:59:35.944Z,rightAvgForce,237.0833333333333,Track and Field
111906017.0,2022-09-06T14:59:35.944Z,rightImpulse,2540.6399999999994,Track and Field
111906017.0,2022-09-06T14:59:35.944Z,rightMaxForce,241.25,Track and Field
111906017.0,2022-09-06T14:59:35.944Z,rightTorque,100.963125,Track and Field
111906017.0,2022-09-06T14:59:35.944Z,rightCalibration,0.0,Track and Field
111906017.0,2022-09-06T14:59:35.944Z,leftRepetitions,3.0,Track and Field
111906017.0,2022-09-06T14:59:35.944Z,rightRepetitions,3.0,Track and Field
111906017.0,2022-11-21T12:17:53.706Z,leftAvgForce,316.5833333333333,Track and Field
111906017.0,2022-11-21T12:17:53.706Z,leftImpulse,4490.224999999998,Track and Field
111906017.0,2022-11-21T12:17:53.706Z,leftMaxForce,337.25,Track and Field
111906017.0,2022-11-21T12:17:53.706Z,leftTorque,153.280125,Track and Field
111906017.0,2022-11-21T12:17:53.706Z,leftCalibration,0.0,Track and Field
111906017.0,2022-11-21T12:17:53.706Z,rightAvgForce,288.41666666666663,Track and Field
111906017.0,2022-11-21T12:17:53.706Z,rightImpulse,3862.3449999999993,Track and Field
111906017.0,2022-11-21T12:17:53.706Z,rightMaxForce,309.5,Track and Field
111906017.0,2022-11-21T12:17:53.706Z,rightTorque,140.66775,Track and Field
111906017.0,2022-11-21T12:17:53.706Z,rightCalibration,0.0,Track and Field
111906017.0,2022-11-21T12:17:53.706Z,leftRepetitions,3.0,Track and Field
111906017.0,2022-11-21T12:17:53.706Z,rightRepetitions,3.0,Track and Field
114523125.0,2022-03-21T15:59:52.574Z,leftAvgForce,257.125,Track and Field
114523125.0,2022-03-21T15:59:52.574Z,leftImpulse,2819.4149999999995,Track and Field
114523125.0,2022-03-21T15:59:52.574Z,leftMaxForce,278.75,Track and Field
114523125.0,2022-03-21T15:59:52.574Z,leftTorque,109.130625,Track and Field
114523125.0,2022-03-21T15:59:52.574Z,leftCalibration,0.0,Track and Field
114523125.0,2022-03-21T15:59:52.574Z,rightAvgForce,207.375,Track and Field
114523125.0,2022-03-21T15:59:52.574Z,rightImpulse,2086.6349999999998,Track and Field
114523125.0,2022-03-21T15:59:52.574Z,rightMaxForce,243.0,Track and Field
114523125.0,2022-03-21T15:59:52.574Z,rightTorque,95.1345,Track and Field
114523125.0,2022-03-21T15:59:52.574Z,rightCalibration,0.0,Track and Field
114523125.0,2022-03-21T15:59:52.574Z,leftRepetitions,2.0,Track and Field
114523125.0,2022-03-21T15:59:52.574Z,rightRepetitions,2.0,Track and Field
114523125.0,2022-04-04T15:54:05.073Z,leftAvgForce,255.0,Track and Field
114523125.0,2022-04-04T15:54:05.073Z,leftImpulse,1992.83,Track and Field
114523125.0,2022-04-04T15:54:05.073Z,leftMaxForce,270.75,Track and Field
114523125.0,2022-04-04T15:54:05.073Z,leftTorque,105.998625,Track and Field
114523125.0,2022-04-04T15:54:05.073Z,leftCalibration,0.0,Track and Field
114523125.0,2022-04-04T15:54:05.073Z,rightAvgForce,223.25,Track and Field
114523125.0,2022-04-04T15:54:05.073Z,rightImpulse,1586.1200000000003,Track and Field
114523125.0,2022-04-04T15:54:05.073Z,rightMaxForce,234.0,Track and Field
114523125.0,2022-04-04T15:54:05.073Z,rightTorque,91.611,Track and Field
114523125.0,2022-04-04T15:54:05.073Z,rightCalibration,0.0,Track and Field
114523125.0,2022-04-04T15:54:05.073Z,leftRepetitions,2.0,Track and Field
114523125.0,2022-04-04T15:54:05.073Z,rightRepetitions,2.0,Track and Field
114523125.0,2023-09-06T11:16:35.660Z,leftAvgForce,257.25,Track and Field
114523125.0,2023-09-06T11:16:35.660Z,leftImpulse,2209.2499999999995,Track and Field
114523125.0,2023-09-06T11:16:35.660Z,leftMaxForce,257.25,Track and Field
114523125.0,2023-09-06T11:16:35.660Z,leftTorque,119.235375,Track and Field
114523125.0,2023-09-06T11:16:35.660Z,leftCalibration,0.0,Track and Field
114523125.0,2023-09-06T11:16:35.660Z,rightAvgForce,0.0,Track and Field
114523125.0,2023-09-06T11:16:35.660Z,rightImpulse,0.0,Track and Field
114523125.0,2023-09-06T11:16:35.660Z,rightMaxForce,0.0,Track and Field
114523125.0,2023-09-06T11:16:35.660Z,rightTorque,0.0,Track and Field
114523125.0,2023-09-06T11:16:35.660Z,rightCalibration,0.0,Track and Field
114523125.0,2023-09-06T11:16:35.660Z,leftRepetitions,1.0,Track and Field
114523125.0,2023-09-06T11:16:35.660Z,rightRepetitions,0.0,Track and Field
114159133.0,2022-01-24T16:48:44.722Z,leftAvgForce,257.1666666666667,Track and Field
114159133.0,2022-01-24T16:48:44.722Z,leftImpulse,3187.3700000000026,Track and Field
114159133.0,2022-01-24T16:48:44.722Z,leftMaxForce,286.25,Track and Field
114159133.0,2022-01-24T16:48:44.722Z,leftTorque,106.91437500000002,Track and Field
114159133.0,2022-01-24T16:48:44.722Z,leftCalibration,0.0,Track and Field
114159133.0,2022-01-24T16:48:44.722Z,rightAvgForce,216.5833333333333,Track and Field
114159133.0,2022-01-24T16:48:44.722Z,rightImpulse,2880.3399999999992,Track and Field
114159133.0,2022-01-24T16:48:44.722Z,rightMaxForce,232.75,Track and Field
114159133.0,2022-01-24T16:48:44.722Z,rightTorque,86.93212500000001,Track and Field
114159133.0,2022-01-24T16:48:44.722Z,rightCalibration,0.0,Track and Field
114159133.0,2022-01-24T16:48:44.722Z,leftRepetitions,3.0,Track and Field
114159133.0,2022-01-24T16:48:44.722Z,rightRepetitions,3.0,Track and Field
114159133.0,2022-01-10T17:07:21.907Z,leftAvgForce,225.0,Track and Field
114159133.0,2022-01-10T17:07:21.907Z,leftImpulse,2937.169999999999,Track and Field
114159133.0,2022-01-10T17:07:21.907Z,leftMaxForce,259.75,Track and Field
114159133.0,2022-01-10T17:07:21.907Z,leftTorque,97.01662500000002,Track and Field
114159133.0,2022-01-10T17:07:21.907Z,leftCalibration,0.0,Track and Field
114159133.0,2022-01-10T17:07:21.907Z,rightAvgForce,207.25,Track and Field
114159133.0,2022-01-10T17:07:21.907Z,rightImpulse,3162.28,Track and Field
114159133.0,2022-01-10T17:07:21.907Z,rightMaxForce,230.0,Track and Field
114159133.0,2022-01-10T17:07:21.907Z,rightTorque,85.90500000000002,Track and Field
114159133.0,2022-01-10T17:07:21.907Z,rightCalibration,0.0,Track and Field
114159133.0,2022-01-10T17:07:21.907Z,leftRepetitions,3.0,Track and Field
114159133.0,2022-01-10T17:07:21.907Z,rightRepetitions,3.0,Track and Field
114159133.0,2022-02-07T17:03:49.409Z,leftAvgForce,321.66666666666663,Track and Field
114159133.0,2022-02-07T17:03:49.409Z,leftImpulse,5678.184999999996,Track and Field
114159133.0,2022-02-07T17:03:49.409Z,leftMaxForce,342.0,Track and Field
114159133.0,2022-02-07T17:03:49.409Z,leftTorque,127.73700000000002,Track and Field
114159133.0,2022-02-07T17:03:49.409Z,leftCalibration,0.0,Track and Field
114159133.0,2022-02-07T17:03:49.409Z,rightAvgForce,302.75,Track and Field
114159133.0,2022-02-07T17:03:49.409Z,rightImpulse,5575.819999999999,Track and Field
114159133.0,2022-02-07T17:03:49.409Z,rightMaxForce,332.5,Track and Field
114159133.0,2022-02-07T17:03:49.409Z,rightTorque,124.18875,Track and Field
114159133.0,2022-02-07T17:03:49.409Z,rightCalibration,0.0,Track and Field
114159133.0,2022-02-07T17:03:49.409Z,leftRepetitions,3.0,Track and Field
114159133.0,2022-02-07T17:03:49.409Z,rightRepetitions,3.0,Track and Field
114159133.0,2022-03-21T15:49:40.136Z,leftAvgForce,288.5833333333333,Track and Field
114159133.0,2022-03-21T15:49:40.136Z,leftImpulse,6515.34,Track and Field
114159133.0,2022-03-21T15:49:40.136Z,leftMaxForce,320.25,Track and Field
114159133.0,2022-03-21T15:49:40.136Z,leftTorque,119.61337500000002,Track and Field
114159133.0,2022-03-21T15:49:40.136Z,leftCalibration,0.0,Track and Field
114159133.0,2022-03-21T15:49:40.136Z,rightAvgForce,294.66666666666663,Track and Field
114159133.0,2022-03-21T15:49:40.136Z,rightImpulse,7130.640000000011,Track and Field
114159133.0,2022-03-21T15:49:40.136Z,rightMaxForce,350.5,Track and Field
114159133.0,2022-03-21T15:49:40.136Z,rightTorque,130.91175,Track and Field
114159133.0,2022-03-21T15:49:40.136Z,rightCalibration,0.0,Track and Field
114159133.0,2022-03-21T15:49:40.136Z,leftRepetitions,3.0,Track and Field
114159133.0,2022-03-21T15:49:40.136Z,rightRepetitions,3.0,Track and Field
114159133.0,2022-04-04T15:58:26.426Z,leftAvgForce,235.75,Track and Field
114159133.0,2022-04-04T15:58:26.426Z,leftImpulse,2284.6050000000005,Track and Field
114159133.0,2022-04-04T15:58:26.426Z,leftMaxForce,237.25,Track and Field
114159133.0,2022-04-04T15:58:26.426Z,leftTorque,88.61287500000002,Track and Field
114159133.0,2022-04-04T15:58:26.426Z,leftCalibration,0.0,Track and Field
114159133.0,2022-04-04T15:58:26.426Z,rightAvgForce,269.375,Track and Field
114159133.0,2022-04-04T15:58:26.426Z,rightImpulse,2739.454999999999,Track and Field
114159133.0,2022-04-04T15:58:26.426Z,rightMaxForce,270.75,Track and Field
114159133.0,2022-04-04T15:58:26.426Z,rightTorque,101.125125,Track and Field
114159133.0,2022-04-04T15:58:26.426Z,rightCalibration,0.0,Track and Field
114159133.0,2022-04-04T15:58:26.426Z,leftRepetitions,2.0,Track and Field
114159133.0,2022-04-04T15:58:26.426Z,rightRepetitions,2.0,Track and Field
114159133.0,2022-09-06T14:57:27.242Z,leftAvgForce,310.8333333333333,Track and Field
114159133.0,2022-09-06T14:57:27.242Z,leftImpulse,3776.815,Track and Field
114159133.0,2022-09-06T14:57:27.242Z,leftMaxForce,348.75,Track and Field
114159133.0,2022-09-06T14:57:27.242Z,leftTorque,130.258125,Track and Field
114159133.0,2022-09-06T14:57:27.242Z,leftCalibration,0.0,Track and Field
114159133.0,2022-09-06T14:57:27.242Z,rightAvgForce,284.41666666666663,Track and Field
114159133.0,2022-09-06T14:57:27.242Z,rightImpulse,3754.720000000002,Track and Field
114159133.0,2022-09-06T14:57:27.242Z,rightMaxForce,313.25,Track and Field
114159133.0,2022-09-06T14:57:27.242Z,rightTorque,116.998875,Track and Field
114159133.0,2022-09-06T14:57:27.242Z,rightCalibration,0.0,Track and Field
114159133.0,2022-09-06T14:57:27.242Z,leftRepetitions,3.0,Track and Field
114159133.0,2022-09-06T14:57:27.242Z,rightRepetitions,3.0,Track and Field
114159133.0,2022-11-21T15:22:42.846Z,leftAvgForce,293.5,Track and Field
114159133.0,2022-11-21T15:22:42.846Z,leftImpulse,4429.954999999998,Track and Field
114159133.0,2022-11-21T15:22:42.846Z,leftMaxForce,301.75,Track and Field
114159133.0,2022-11-21T15:22:42.846Z,leftTorque,120.850875,Track and Field
114159133.0,2022-11-21T15:22:42.846Z,leftCalibration,0.0,Track and Field
114159133.0,2022-11-21T15:22:42.846Z,rightAvgForce,293.1666666666667,Track and Field
114159133.0,2022-11-21T15:22:42.846Z,rightImpulse,4768.679999999998,Track and Field
114159133.0,2022-11-21T15:22:42.846Z,rightMaxForce,310.0,Track and Field
114159133.0,2022-11-21T15:22:42.846Z,rightTorque,124.155,Track and Field
114159133.0,2022-11-21T15:22:42.846Z,rightCalibration,0.0,Track and Field
114159133.0,2022-11-21T15:22:42.846Z,leftRepetitions,3.0,Track and Field
114159133.0,2022-11-21T15:22:42.846Z,rightRepetitions,3.0,Track and Field
114159133.0,2022-11-11T15:27:55.190Z,leftAvgForce,295.0833333333333,Track and Field
114159133.0,2022-11-11T15:27:55.190Z,leftImpulse,4949.049999999999,Track and Field
114159133.0,2022-11-11T15:27:55.190Z,leftMaxForce,339.5,Track and Field
114159133.0,2022-11-11T15:27:55.190Z,leftTorque,139.02525,Track and Field
114159133.0,2022-11-11T15:27:55.190Z,leftCalibration,0.0,Track and Field
114159133.0,2022-11-11T15:27:55.190Z,rightAvgForce,274.3333333333333,Track and Field
114159133.0,2022-11-11T15:27:55.190Z,rightImpulse,5143.054999999999,Track and Field
114159133.0,2022-11-11T15:27:55.190Z,rightMaxForce,324.75,Track and Field
114159133.0,2022-11-11T15:27:55.190Z,rightTorque,132.985125,Track and Field
114159133.0,2022-11-11T15:27:55.190Z,rightCalibration,0.0,Track and Field
114159133.0,2022-11-11T15:27:55.190Z,leftRepetitions,3.0,Track and Field
114159133.0,2022-11-11T15:27:55.190Z,rightRepetitions,3.0,Track and Field
114159133.0,2024-01-26T16:31:28.551Z,leftAvgForce,302.25,Track and Field
114159133.0,2024-01-26T16:31:28.551Z,leftImpulse,2015.9449999999997,Track and Field
114159133.0,2024-01-26T16:31:28.551Z,leftMaxForce,302.25,Track and Field
114159133.0,2024-01-26T16:31:28.551Z,leftTorque,140.09287500000002,Track and Field
114159133.0,2024-01-26T16:31:28.551Z,leftCalibration,0.0,Track and Field
114159133.0,2024-01-26T16:31:28.551Z,rightAvgForce,275.75,Track and Field
114159133.0,2024-01-26T16:31:28.551Z,rightImpulse,2028.7200000000007,Track and Field
114159133.0,2024-01-26T16:31:28.551Z,rightMaxForce,275.75,Track and Field
114159133.0,2024-01-26T16:31:28.551Z,rightTorque,127.810125,Track and Field
114159133.0,2024-01-26T16:31:28.551Z,rightCalibration,0.0,Track and Field
114159133.0,2024-01-26T16:31:28.551Z,leftRepetitions,1.0,Track and Field
114159133.0,2024-01-26T16:31:28.551Z,rightRepetitions,1.0,Track and Field
115961924.0,2024-01-26T16:35:35.585Z,leftAvgForce,251.8333333333333,Track and Field
115961924.0,2024-01-26T16:35:35.585Z,leftImpulse,2758.15,Track and Field
115961924.0,2024-01-26T16:35:35.585Z,leftMaxForce,308.75,Track and Field
115961924.0,2024-01-26T16:35:35.585Z,leftTorque,120.875625,Track and Field
115961924.0,2024-01-26T16:35:35.585Z,leftCalibration,0.0,Track and Field
115961924.0,2024-01-26T16:35:35.585Z,rightAvgForce,239.91666666666663,Track and Field
115961924.0,2024-01-26T16:35:35.585Z,rightImpulse,2698.545000000001,Track and Field
115961924.0,2024-01-26T16:35:35.585Z,rightMaxForce,293.0,Track and Field
115961924.0,2024-01-26T16:35:35.585Z,rightTorque,114.7095,Track and Field
115961924.0,2024-01-26T16:35:35.585Z,rightCalibration,0.0,Track and Field
115961924.0,2024-01-26T16:35:35.585Z,leftRepetitions,3.0,Track and Field
115961924.0,2024-01-26T16:35:35.585Z,rightRepetitions,3.0,Track and Field
113347935.0,2022-01-24T18:41:36.511Z,leftAvgForce,243.0,Track and Field
113347935.0,2022-01-24T18:41:36.511Z,leftImpulse,3252.2250000000004,Track and Field
113347935.0,2022-01-24T18:41:36.511Z,leftMaxForce,282.0,Track and Field
113347935.0,2022-01-24T18:41:36.511Z,leftTorque,112.941,Track and Field
113347935.0,2022-01-24T18:41:36.511Z,leftCalibration,0.0,Track and Field
113347935.0,2022-01-24T18:41:36.511Z,rightAvgForce,233.0,Track and Field
113347935.0,2022-01-24T18:41:36.511Z,rightImpulse,3102.3599999999974,Track and Field
113347935.0,2022-01-24T18:41:36.511Z,rightMaxForce,258.25,Track and Field
113347935.0,2022-01-24T18:41:36.511Z,rightTorque,103.429125,Track and Field
113347935.0,2022-01-24T18:41:36.511Z,rightCalibration,0.0,Track and Field
113347935.0,2022-01-24T18:41:36.511Z,leftRepetitions,3.0,Track and Field
113347935.0,2022-01-24T18:41:36.511Z,rightRepetitions,3.0,Track and Field
113347935.0,2022-01-12T17:03:35.836Z,leftAvgForce,178.33333333333334,Track and Field
113347935.0,2022-01-12T17:03:35.836Z,leftImpulse,1539.5899999999997,Track and Field
113347935.0,2022-01-12T17:03:35.836Z,leftMaxForce,184.75,Track and Field
113347935.0,2022-01-12T17:03:35.836Z,leftTorque,73.99237500000001,Track and Field
113347935.0,2022-01-12T17:03:35.836Z,leftCalibration,0.0,Track and Field
113347935.0,2022-01-12T17:03:35.836Z,rightAvgForce,178.41666666666666,Track and Field
113347935.0,2022-01-12T17:03:35.836Z,rightImpulse,1592.0700000000006,Track and Field
113347935.0,2022-01-12T17:03:35.836Z,rightMaxForce,197.5,Track and Field
113347935.0,2022-01-12T17:03:35.836Z,rightTorque,79.09875000000001,Track and Field
113347935.0,2022-01-12T17:03:35.836Z,rightCalibration,0.0,Track and Field
113347935.0,2022-01-12T17:03:35.836Z,leftRepetitions,3.0,Track and Field
113347935.0,2022-01-12T17:03:35.836Z,rightRepetitions,3.0,Track and Field
113347935.0,2022-02-21T16:51:13.026Z,leftAvgForce,273.4166666666667,Track and Field
113347935.0,2022-02-21T16:51:13.026Z,leftImpulse,3314.9550000000004,Track and Field
113347935.0,2022-02-21T16:51:13.026Z,leftMaxForce,286.0,Track and Field
113347935.0,2022-02-21T16:51:13.026Z,leftTorque,114.543,Track and Field
113347935.0,2022-02-21T16:51:13.026Z,leftCalibration,0.0,Track and Field
113347935.0,2022-02-21T16:51:13.026Z,rightAvgForce,263.3333333333333,Track and Field
113347935.0,2022-02-21T16:51:13.026Z,rightImpulse,3201.325,Track and Field
113347935.0,2022-02-21T16:51:13.026Z,rightMaxForce,271.5,Track and Field
113347935.0,2022-02-21T16:51:13.026Z,rightTorque,108.73575,Track and Field
113347935.0,2022-02-21T16:51:13.026Z,rightCalibration,0.0,Track and Field
113347935.0,2022-02-21T16:51:13.026Z,leftRepetitions,3.0,Track and Field
113347935.0,2022-02-21T16:51:13.026Z,rightRepetitions,3.0,Track and Field
113347935.0,2022-04-04T15:47:22.687Z,leftAvgForce,298.5,Track and Field
113347935.0,2022-04-04T15:47:22.687Z,leftImpulse,1948.66,Track and Field
113347935.0,2022-04-04T15:47:22.687Z,leftMaxForce,308.25,Track and Field
113347935.0,2022-04-04T15:47:22.687Z,leftTorque,123.454125,Track and Field
113347935.0,2022-04-04T15:47:22.687Z,leftCalibration,0.0,Track and Field
113347935.0,2022-04-04T15:47:22.687Z,rightAvgForce,293.75,Track and Field
113347935.0,2022-04-04T15:47:22.687Z,rightImpulse,2092.455000000001,Track and Field
113347935.0,2022-04-04T15:47:22.687Z,rightMaxForce,304.25,Track and Field
113347935.0,2022-04-04T15:47:22.687Z,rightTorque,121.852125,Track and Field
113347935.0,2022-04-04T15:47:22.687Z,rightCalibration,0.0,Track and Field
113347935.0,2022-04-04T15:47:22.687Z,leftRepetitions,2.0,Track and Field
113347935.0,2022-04-04T15:47:22.687Z,rightRepetitions,2.0,Track and Field
113347935.0,2022-09-06T14:50:11.434Z,leftAvgForce,253.16666666666663,Track and Field
113347935.0,2022-09-06T14:50:11.434Z,leftImpulse,3139.674999999999,Track and Field
113347935.0,2022-09-06T14:50:11.434Z,leftMaxForce,267.0,Track and Field
113347935.0,2022-09-06T14:50:11.434Z,leftTorque,106.9335,Track and Field
113347935.0,2022-09-06T14:50:11.434Z,leftCalibration,0.0,Track and Field
113347935.0,2022-09-06T14:50:11.434Z,rightAvgForce,256.5833333333333,Track and Field
113347935.0,2022-09-06T14:50:11.434Z,rightImpulse,2869.05,Track and Field
113347935.0,2022-09-06T14:50:11.434Z,rightMaxForce,269.0,Track and Field
113347935.0,2022-09-06T14:50:11.434Z,rightTorque,107.7345,Track and Field
113347935.0,2022-09-06T14:50:11.434Z,rightCalibration,0.0,Track and Field
113347935.0,2022-09-06T14:50:11.434Z,leftRepetitions,3.0,Track and Field
113347935.0,2022-09-06T14:50:11.434Z,rightRepetitions,3.0,Track and Field
113347935.0,2022-11-21T15:15:36.449Z,leftAvgForce,244.3333333333333,Track and Field
113347935.0,2022-11-21T15:15:36.449Z,leftImpulse,3460.67,Track and Field
113347935.0,2022-11-21T15:15:36.449Z,leftMaxForce,279.75,Track and Field
113347935.0,2022-11-21T15:15:36.449Z,leftTorque,117.075375,Track and Field
113347935.0,2022-11-21T15:15:36.449Z,leftCalibration,0.0,Track and Field
113347935.0,2022-11-21T15:15:36.449Z,rightAvgForce,259.0833333333333,Track and Field
113347935.0,2022-11-21T15:15:36.449Z,rightImpulse,3815.1800000000026,Track and Field
113347935.0,2022-11-21T15:15:36.449Z,rightMaxForce,291.75,Track and Field
113347935.0,2022-11-21T15:15:36.449Z,rightTorque,122.097375,Track and Field
113347935.0,2022-11-21T15:15:36.449Z,rightCalibration,0.0,Track and Field
113347935.0,2022-11-21T15:15:36.449Z,leftRepetitions,3.0,Track and Field
113347935.0,2022-11-21T15:15:36.449Z,rightRepetitions,3.0,Track and Field
113347935.0,2023-12-06T14:48:27.248Z,leftAvgForce,475.5,Track and Field
113347935.0,2023-12-06T14:48:27.248Z,leftImpulse,4215.485000000004,Track and Field
113347935.0,2023-12-06T14:48:27.248Z,leftMaxForce,475.5,Track and Field
113347935.0,2023-12-06T14:48:27.248Z,leftTorque,198.99675,Track and Field
113347935.0,2023-12-06T14:48:27.248Z,leftCalibration,0.0,Track and Field
113347935.0,2023-12-06T14:48:27.248Z,rightAvgForce,272.5,Track and Field
113347935.0,2023-12-06T14:48:27.248Z,rightImpulse,1682.9549999999983,Track and Field
113347935.0,2023-12-06T14:48:27.248Z,rightMaxForce,286.25,Track and Field
113347935.0,2023-12-06T14:48:27.248Z,rightTorque,119.795625,Track and Field
113347935.0,2023-12-06T14:48:27.248Z,rightCalibration,0.0,Track and Field
113347935.0,2023-12-06T14:48:27.248Z,leftRepetitions,0.0,Track and Field
113347935.0,2023-12-06T14:48:27.248Z,rightRepetitions,2.0,Track and Field
113347935.0,2024-01-26T16:30:22.476Z,leftAvgForce,280.375,Track and Field
113347935.0,2024-01-26T16:30:22.476Z,leftImpulse,1459.0750000000005,Track and Field
113347935.0,2024-01-26T16:30:22.476Z,leftMaxForce,281.0,Track and Field
113347935.0,2024-01-26T16:30:22.476Z,leftTorque,117.5985,Track and Field
113347935.0,2024-01-26T16:30:22.476Z,leftCalibration,0.0,Track and Field
113347935.0,2024-01-26T16:30:22.476Z,rightAvgForce,272.375,Track and Field
113347935.0,2024-01-26T16:30:22.476Z,rightImpulse,1275.6249999999998,Track and Field
113347935.0,2024-01-26T16:30:22.476Z,rightMaxForce,278.75,Track and Field
113347935.0,2024-01-26T16:30:22.476Z,rightTorque,116.656875,Track and Field
113347935.0,2024-01-26T16:30:22.476Z,rightCalibration,0.0,Track and Field
113347935.0,2024-01-26T16:30:22.476Z,leftRepetitions,2.0,Track and Field
113347935.0,2024-01-26T16:30:22.476Z,rightRepetitions,2.0,Track and Field
115496439.0,2023-09-06T11:14:12.489Z,leftAvgForce,227.5,Track and Field
115496439.0,2023-09-06T11:14:12.489Z,leftImpulse,1781.4499999999998,Track and Field
115496439.0,2023-09-06T11:14:12.489Z,leftMaxForce,227.5,Track and Field
115496439.0,2023-09-06T11:14:12.489Z,leftTorque,84.97125000000001,Track and Field
115496439.0,2023-09-06T11:14:12.489Z,leftCalibration,0.0,Track and Field
115496439.0,2023-09-06T11:14:12.489Z,rightAvgForce,0.0,Track and Field
115496439.0,2023-09-06T11:14:12.489Z,rightImpulse,0.0,Track and Field
115496439.0,2023-09-06T11:14:12.489Z,rightMaxForce,0.0,Track and Field
115496439.0,2023-09-06T11:14:12.489Z,rightTorque,0.0,Track and Field
115496439.0,2023-09-06T11:14:12.489Z,rightCalibration,0.0,Track and Field
115496439.0,2023-09-06T11:14:12.489Z,leftRepetitions,1.0,Track and Field
115496439.0,2023-09-06T11:14:12.489Z,rightRepetitions,0.0,Track and Field
115496439.0,2023-12-06T15:22:44.837Z,leftAvgForce,442.0,Track and Field
115496439.0,2023-12-06T15:22:44.837Z,leftImpulse,3352.6149999999984,Track and Field
115496439.0,2023-12-06T15:22:44.837Z,leftMaxForce,442.0,Track and Field
115496439.0,2023-12-06T15:22:44.837Z,leftTorque,165.08700000000002,Track and Field
115496439.0,2023-12-06T15:22:44.837Z,leftCalibration,0.0,Track and Field
115496439.0,2023-12-06T15:22:44.837Z,rightAvgForce,224.25,Track and Field
115496439.0,2023-12-06T15:22:44.837Z,rightImpulse,897.9049999999999,Track and Field
115496439.0,2023-12-06T15:22:44.837Z,rightMaxForce,249.75,Track and Field
115496439.0,2023-12-06T15:22:44.837Z,rightTorque,93.28162500000002,Track and Field
115496439.0,2023-12-06T15:22:44.837Z,rightCalibration,0.0,Track and Field
115496439.0,2023-12-06T15:22:44.837Z,leftRepetitions,0.0,Track and Field
115496439.0,2023-12-06T15:22:44.837Z,rightRepetitions,2.0,Track and Field
115496439.0,2023-12-06T15:22:27.076Z,leftAvgForce,442.25,Track and Field
115496439.0,2023-12-06T15:22:27.076Z,leftImpulse,2043.2800000000009,Track and Field
115496439.0,2023-12-06T15:22:27.076Z,leftMaxForce,442.25,Track and Field
115496439.0,2023-12-06T15:22:27.076Z,leftTorque,165.18037500000003,Track and Field
115496439.0,2023-12-06T15:22:27.076Z,leftCalibration,0.0,Track and Field
115496439.0,2023-12-06T15:22:27.076Z,rightAvgForce,260.5,Track and Field
115496439.0,2023-12-06T15:22:27.076Z,rightImpulse,569.8850000000002,Track and Field
115496439.0,2023-12-06T15:22:27.076Z,rightMaxForce,260.5,Track and Field
115496439.0,2023-12-06T15:22:27.076Z,rightTorque,97.29675000000002,Track and Field
115496439.0,2023-12-06T15:22:27.076Z,rightCalibration,0.0,Track and Field
115496439.0,2023-12-06T15:22:27.076Z,leftRepetitions,0.0,Track and Field
115496439.0,2023-12-06T15:22:27.076Z,rightRepetitions,1.0,Track and Field
115496439.0,2024-01-26T16:29:40.651Z,leftAvgForce,218.375,Track and Field
115496439.0,2024-01-26T16:29:40.651Z,leftImpulse,1343.08,Track and Field
115496439.0,2024-01-26T16:29:40.651Z,leftMaxForce,238.0,Track and Field
115496439.0,2024-01-26T16:29:40.651Z,leftTorque,88.89300000000001,Track and Field
115496439.0,2024-01-26T16:29:40.651Z,leftCalibration,0.0,Track and Field
115496439.0,2024-01-26T16:29:40.651Z,rightAvgForce,223.0,Track and Field
115496439.0,2024-01-26T16:29:40.651Z,rightImpulse,1194.5700000000002,Track and Field
115496439.0,2024-01-26T16:29:40.651Z,rightMaxForce,232.0,Track and Field
115496439.0,2024-01-26T16:29:40.651Z,rightTorque,86.65200000000002,Track and Field
115496439.0,2024-01-26T16:29:40.651Z,rightCalibration,0.0,Track and Field
115496439.0,2024-01-26T16:29:40.651Z,leftRepetitions,2.0,Track and Field
115496439.0,2024-01-26T16:29:40.651Z,rightRepetitions,2.0,Track and Field
114307749.0,2022-01-24T16:56:15.656Z,leftAvgForce,351.8333333333333,Track and Field
114307749.0,2022-01-24T16:56:15.656Z,leftImpulse,3847.305,Track and Field
114307749.0,2022-01-24T16:56:15.656Z,leftMaxForce,354.25,Track and Field
114307749.0,2022-01-24T16:56:15.656Z,leftTorque,132.31237500000003,Track and Field
114307749.0,2022-01-24T16:56:15.656Z,leftCalibration,0.0,Track and Field
114307749.0,2022-01-24T16:56:15.656Z,rightAvgForce,350.5833333333333,Track and Field
114307749.0,2022-01-24T16:56:15.656Z,rightImpulse,3772.8250000000016,Track and Field
114307749.0,2022-01-24T16:56:15.656Z,rightMaxForce,374.5,Track and Field
114307749.0,2022-01-24T16:56:15.656Z,rightTorque,139.87575,Track and Field
114307749.0,2022-01-24T16:56:15.656Z,rightCalibration,0.0,Track and Field
114307749.0,2022-01-24T16:56:15.656Z,leftRepetitions,3.0,Track and Field
114307749.0,2022-01-24T16:56:15.656Z,rightRepetitions,3.0,Track and Field
114307749.0,2022-01-12T17:02:00.686Z,leftAvgForce,335.25,Track and Field
114307749.0,2022-01-12T17:02:00.686Z,leftImpulse,2291.42,Track and Field
114307749.0,2022-01-12T17:02:00.686Z,leftMaxForce,343.25,Track and Field
114307749.0,2022-01-12T17:02:00.686Z,leftTorque,128.203875,Track and Field
114307749.0,2022-01-12T17:02:00.686Z,leftCalibration,0.0,Track and Field
114307749.0,2022-01-12T17:02:00.686Z,rightAvgForce,377.25,Track and Field
114307749.0,2022-01-12T17:02:00.686Z,rightImpulse,2900.1849999999995,Track and Field
114307749.0,2022-01-12T17:02:00.686Z,rightMaxForce,409.75,Track and Field
114307749.0,2022-01-12T17:02:00.686Z,rightTorque,153.041625,Track and Field
114307749.0,2022-01-12T17:02:00.686Z,rightCalibration,0.0,Track and Field
114307749.0,2022-01-12T17:02:00.686Z,leftRepetitions,3.0,Track and Field
114307749.0,2022-01-12T17:02:00.686Z,rightRepetitions,3.0,Track and Field
114307749.0,2022-02-21T16:52:31.858Z,leftAvgForce,416.58333333333337,Track and Field
114307749.0,2022-02-21T16:52:31.858Z,leftImpulse,6789.535000000004,Track and Field
114307749.0,2022-02-21T16:52:31.858Z,leftMaxForce,441.5,Track and Field
114307749.0,2022-02-21T16:52:31.858Z,leftTorque,164.90025000000003,Track and Field
114307749.0,2022-02-21T16:52:31.858Z,leftCalibration,0.0,Track and Field
114307749.0,2022-02-21T16:52:31.858Z,rightAvgForce,414.9166666666666,Track and Field
114307749.0,2022-02-21T16:52:31.858Z,rightImpulse,7108.26,Track and Field
114307749.0,2022-02-21T16:52:31.858Z,rightMaxForce,432.0,Track and Field
114307749.0,2022-02-21T16:52:31.858Z,rightTorque,161.35200000000003,Track and Field
114307749.0,2022-02-21T16:52:31.858Z,rightCalibration,0.0,Track and Field
114307749.0,2022-02-21T16:52:31.858Z,leftRepetitions,3.0,Track and Field
114307749.0,2022-02-21T16:52:31.858Z,rightRepetitions,3.0,Track and Field
114307749.0,2022-02-07T16:58:51.444Z,leftAvgForce,370.1666666666667,Track and Field
114307749.0,2022-02-07T16:58:51.444Z,leftImpulse,5863.859999999997,Track and Field
114307749.0,2022-02-07T16:58:51.444Z,leftMaxForce,387.0,Track and Field
114307749.0,2022-02-07T16:58:51.444Z,leftTorque,144.54450000000003,Track and Field
114307749.0,2022-02-07T16:58:51.444Z,leftCalibration,0.0,Track and Field
114307749.0,2022-02-07T16:58:51.444Z,rightAvgForce,405.75,Track and Field
114307749.0,2022-02-07T16:58:51.444Z,rightImpulse,6805.840000000003,Track and Field
114307749.0,2022-02-07T16:58:51.444Z,rightMaxForce,421.25,Track and Field
114307749.0,2022-02-07T16:58:51.444Z,rightTorque,157.33687500000002,Track and Field
114307749.0,2022-02-07T16:58:51.444Z,rightCalibration,0.0,Track and Field
114307749.0,2022-02-07T16:58:51.444Z,leftRepetitions,3.0,Track and Field
114307749.0,2022-02-07T16:58:51.444Z,rightRepetitions,3.0,Track and Field
114307749.0,2022-09-06T14:52:36.416Z,leftAvgForce,390.8333333333333,Track and Field
114307749.0,2022-09-06T14:52:36.416Z,leftImpulse,6947.169999999996,Track and Field
114307749.0,2022-09-06T14:52:36.416Z,leftMaxForce,393.75,Track and Field
114307749.0,2022-09-06T14:52:36.416Z,leftTorque,147.065625,Track and Field
114307749.0,2022-09-06T14:52:36.416Z,leftCalibration,0.0,Track and Field
114307749.0,2022-09-06T14:52:36.416Z,rightAvgForce,369.6666666666666,Track and Field
114307749.0,2022-09-06T14:52:36.416Z,rightImpulse,6858.390000000003,Track and Field
114307749.0,2022-09-06T14:52:36.416Z,rightMaxForce,380.25,Track and Field
114307749.0,2022-09-06T14:52:36.416Z,rightTorque,142.02337500000002,Track and Field
114307749.0,2022-09-06T14:52:36.416Z,rightCalibration,0.0,Track and Field
114307749.0,2022-09-06T14:52:36.416Z,leftRepetitions,3.0,Track and Field
114307749.0,2022-09-06T14:52:36.416Z,rightRepetitions,3.0,Track and Field
114307749.0,2022-11-11T12:38:02.877Z,leftAvgForce,388.4166666666666,Track and Field
114307749.0,2022-11-11T12:38:02.877Z,leftImpulse,5191.239999999999,Track and Field
114307749.0,2022-11-11T12:38:02.877Z,leftMaxForce,391.75,Track and Field
114307749.0,2022-11-11T12:38:02.877Z,leftTorque,153.370125,Track and Field
114307749.0,2022-11-11T12:38:02.877Z,leftCalibration,0.0,Track and Field
114307749.0,2022-11-11T12:38:02.877Z,rightAvgForce,386.25,Track and Field
114307749.0,2022-11-11T12:38:02.877Z,rightImpulse,5475.090000000002,Track and Field
114307749.0,2022-11-11T12:38:02.877Z,rightMaxForce,396.0,Track and Field
114307749.0,2022-11-11T12:38:02.877Z,rightTorque,155.034,Track and Field
114307749.0,2022-11-11T12:38:02.877Z,rightCalibration,0.0,Track and Field
114307749.0,2022-11-11T12:38:02.877Z,leftRepetitions,3.0,Track and Field
114307749.0,2022-11-11T12:38:02.877Z,rightRepetitions,3.0,Track and Field
113198384.0,2022-01-24T16:44:33.807Z,leftAvgForce,384.9166666666667,Track and Field
113198384.0,2022-01-24T16:44:33.807Z,leftImpulse,4958.519999999999,Track and Field
113198384.0,2022-01-24T16:44:33.807Z,leftMaxForce,412.25,Track and Field
113198384.0,2022-01-24T16:44:33.807Z,leftTorque,176.236875,Track and Field
113198384.0,2022-01-24T16:44:33.807Z,leftCalibration,0.0,Track and Field
113198384.0,2022-01-24T16:44:33.807Z,rightAvgForce,378.0833333333333,Track and Field
113198384.0,2022-01-24T16:44:33.807Z,rightImpulse,5278.464999999999,Track and Field
113198384.0,2022-01-24T16:44:33.807Z,rightMaxForce,381.25,Track and Field
113198384.0,2022-01-24T16:44:33.807Z,rightTorque,162.984375,Track and Field
113198384.0,2022-01-24T16:44:33.807Z,rightCalibration,0.0,Track and Field
113198384.0,2022-01-24T16:44:33.807Z,leftRepetitions,3.0,Track and Field
113198384.0,2022-01-24T16:44:33.807Z,rightRepetitions,3.0,Track and Field
113198384.0,2022-01-12T16:59:57.470Z,leftAvgForce,390.4166666666666,Track and Field
113198384.0,2022-01-12T16:59:57.470Z,leftImpulse,4737.269999999999,Track and Field
113198384.0,2022-01-12T16:59:57.470Z,leftMaxForce,402.0,Track and Field
113198384.0,2022-01-12T16:59:57.470Z,leftTorque,171.855,Track and Field
113198384.0,2022-01-12T16:59:57.470Z,leftCalibration,0.0,Track and Field
113198384.0,2022-01-12T16:59:57.470Z,rightAvgForce,368.6666666666666,Track and Field
113198384.0,2022-01-12T16:59:57.470Z,rightImpulse,5247.7750000000015,Track and Field
113198384.0,2022-01-12T16:59:57.470Z,rightMaxForce,377.5,Track and Field
113198384.0,2022-01-12T16:59:57.470Z,rightTorque,161.38125,Track and Field
113198384.0,2022-01-12T16:59:57.470Z,rightCalibration,0.0,Track and Field
113198384.0,2022-01-12T16:59:57.470Z,leftRepetitions,3.0,Track and Field
113198384.0,2022-01-12T16:59:57.470Z,rightRepetitions,3.0,Track and Field
113198384.0,2022-02-21T17:01:43.822Z,leftAvgForce,398.3333333333333,Track and Field
113198384.0,2022-02-21T17:01:43.822Z,leftImpulse,5289.959999999998,Track and Field
113198384.0,2022-02-21T17:01:43.822Z,leftMaxForce,426.5,Track and Field
113198384.0,2022-02-21T17:01:43.822Z,leftTorque,182.32875,Track and Field
113198384.0,2022-02-21T17:01:43.822Z,leftCalibration,0.0,Track and Field
113198384.0,2022-02-21T17:01:43.822Z,rightAvgForce,399.4166666666667,Track and Field
113198384.0,2022-02-21T17:01:43.822Z,rightImpulse,5452.170000000003,Track and Field
113198384.0,2022-02-21T17:01:43.822Z,rightMaxForce,415.5,Track and Field
113198384.0,2022-02-21T17:01:43.822Z,rightTorque,177.62625,Track and Field
113198384.0,2022-02-21T17:01:43.822Z,rightCalibration,0.0,Track and Field
113198384.0,2022-02-21T17:01:43.822Z,leftRepetitions,3.0,Track and Field
113198384.0,2022-02-21T17:01:43.822Z,rightRepetitions,3.0,Track and Field
113198384.0,2022-02-07T16:54:53.596Z,leftAvgForce,434.5,Track and Field
113198384.0,2022-02-07T16:54:53.596Z,leftImpulse,5087.185000000001,Track and Field
113198384.0,2022-02-07T16:54:53.596Z,leftMaxForce,457.5,Track and Field
113198384.0,2022-02-07T16:54:53.596Z,leftTorque,195.58125,Track and Field
113198384.0,2022-02-07T16:54:53.596Z,leftCalibration,0.0,Track and Field
113198384.0,2022-02-07T16:54:53.596Z,rightAvgForce,393.9166666666666,Track and Field
113198384.0,2022-02-07T16:54:53.596Z,rightImpulse,4911.005000000003,Track and Field
113198384.0,2022-02-07T16:54:53.596Z,rightMaxForce,414.5,Track and Field
113198384.0,2022-02-07T16:54:53.596Z,rightTorque,177.19875,Track and Field
113198384.0,2022-02-07T16:54:53.596Z,rightCalibration,0.0,Track and Field
113198384.0,2022-02-07T16:54:53.596Z,leftRepetitions,3.0,Track and Field
113198384.0,2022-02-07T16:54:53.596Z,rightRepetitions,3.0,Track and Field
113198384.0,2022-03-21T16:12:35.451Z,leftAvgForce,398.375,Track and Field
113198384.0,2022-03-21T16:12:35.451Z,leftImpulse,3076.444999999999,Track and Field
113198384.0,2022-03-21T16:12:35.451Z,leftMaxForce,421.5,Track and Field
113198384.0,2022-03-21T16:12:35.451Z,leftTorque,180.19125,Track and Field
113198384.0,2022-03-21T16:12:35.451Z,leftCalibration,0.0,Track and Field
113198384.0,2022-03-21T16:12:35.451Z,rightAvgForce,371.625,Track and Field
113198384.0,2022-03-21T16:12:35.451Z,rightImpulse,3312.8899999999967,Track and Field
113198384.0,2022-03-21T16:12:35.451Z,rightMaxForce,379.25,Track and Field
113198384.0,2022-03-21T16:12:35.451Z,rightTorque,162.129375,Track and Field
113198384.0,2022-03-21T16:12:35.451Z,rightCalibration,0.0,Track and Field
113198384.0,2022-03-21T16:12:35.451Z,leftRepetitions,2.0,Track and Field
113198384.0,2022-03-21T16:12:35.451Z,rightRepetitions,2.0,Track and Field
113198384.0,2022-11-21T15:27:57.672Z,leftAvgForce,338.5833333333333,Track and Field
113198384.0,2022-11-21T15:27:57.672Z,leftImpulse,2410.744999999999,Track and Field
113198384.0,2022-11-21T15:27:57.672Z,leftMaxForce,364.75,Track and Field
113198384.0,2022-11-21T15:27:57.672Z,leftTorque,169.06162500000002,Track and Field
113198384.0,2022-11-21T15:27:57.672Z,leftCalibration,0.0,Track and Field
113198384.0,2022-11-21T15:27:57.672Z,rightAvgForce,363.1666666666667,Track and Field
113198384.0,2022-11-21T15:27:57.672Z,rightImpulse,2876.8150000000005,Track and Field
113198384.0,2022-11-21T15:27:57.672Z,rightMaxForce,379.5,Track and Field
113198384.0,2022-11-21T15:27:57.672Z,rightTorque,175.89825000000002,Track and Field
113198384.0,2022-11-21T15:27:57.672Z,rightCalibration,0.0,Track and Field
113198384.0,2022-11-21T15:27:57.672Z,leftRepetitions,3.0,Track and Field
113198384.0,2022-11-21T15:27:57.672Z,rightRepetitions,3.0,Track and Field
113198384.0,2022-11-11T15:25:37.930Z,leftAvgForce,358.3333333333333,Track and Field
113198384.0,2022-11-11T15:25:37.930Z,leftImpulse,3147.2249999999985,Track and Field
113198384.0,2022-11-11T15:25:37.930Z,leftMaxForce,369.0,Track and Field
113198384.0,2022-11-11T15:25:37.930Z,leftTorque,167.7105,Track and Field
113198384.0,2022-11-11T15:25:37.930Z,leftCalibration,0.0,Track and Field
113198384.0,2022-11-11T15:25:37.930Z,rightAvgForce,369.4166666666666,Track and Field
113198384.0,2022-11-11T15:25:37.930Z,rightImpulse,3642.930000000001,Track and Field
113198384.0,2022-11-11T15:25:37.930Z,rightMaxForce,372.25,Track and Field
113198384.0,2022-11-11T15:25:37.930Z,rightTorque,169.187625,Track and Field
113198384.0,2022-11-11T15:25:37.930Z,rightCalibration,0.0,Track and Field
113198384.0,2022-11-11T15:25:37.930Z,leftRepetitions,3.0,Track and Field
113198384.0,2022-11-11T15:25:37.930Z,rightRepetitions,3.0,Track and Field
115888001.0,2023-09-06T11:15:51.653Z,leftAvgForce,233.0,Track and Field
115888001.0,2023-09-06T11:15:51.653Z,leftImpulse,1904.3849999999975,Track and Field
115888001.0,2023-09-06T11:15:51.653Z,leftMaxForce,233.0,Track and Field
115888001.0,2023-09-06T11:15:51.653Z,leftTorque,87.02550000000001,Track and Field
115888001.0,2023-09-06T11:15:51.653Z,leftCalibration,0.0,Track and Field
115888001.0,2023-09-06T11:15:51.653Z,rightAvgForce,0.0,Track and Field
115888001.0,2023-09-06T11:15:51.653Z,rightImpulse,0.0,Track and Field
115888001.0,2023-09-06T11:15:51.653Z,rightMaxForce,0.0,Track and Field
115888001.0,2023-09-06T11:15:51.653Z,rightTorque,0.0,Track and Field
115888001.0,2023-09-06T11:15:51.653Z,rightCalibration,0.0,Track and Field
115888001.0,2023-09-06T11:15:51.653Z,leftRepetitions,1.0,Track and Field
115888001.0,2023-09-06T11:15:51.653Z,rightRepetitions,0.0,Track and Field
115888001.0,2023-12-06T15:21:49.836Z,leftAvgForce,384.0,Track and Field
115888001.0,2023-12-06T15:21:49.836Z,leftImpulse,4739.464999999997,Track and Field
115888001.0,2023-12-06T15:21:49.836Z,leftMaxForce,384.0,Track and Field
115888001.0,2023-12-06T15:21:49.836Z,leftTorque,143.42400000000004,Track and Field
115888001.0,2023-12-06T15:21:49.836Z,leftCalibration,0.0,Track and Field
115888001.0,2023-12-06T15:21:49.836Z,rightAvgForce,165.25,Track and Field
115888001.0,2023-12-06T15:21:49.836Z,rightImpulse,1189.205,Track and Field
115888001.0,2023-12-06T15:21:49.836Z,rightMaxForce,165.25,Track and Field
115888001.0,2023-12-06T15:21:49.836Z,rightTorque,61.72087500000001,Track and Field
115888001.0,2023-12-06T15:21:49.836Z,rightCalibration,0.0,Track and Field
115888001.0,2023-12-06T15:21:49.836Z,leftRepetitions,0.0,Track and Field
115888001.0,2023-12-06T15:21:49.836Z,rightRepetitions,1.0,Track and Field
115888001.0,2024-01-26T16:37:39.834Z,leftAvgForce,194.5,Track and Field
115888001.0,2024-01-26T16:37:39.834Z,leftImpulse,1491.15,Track and Field
115888001.0,2024-01-26T16:37:39.834Z,leftMaxForce,214.75,Track and Field
115888001.0,2024-01-26T16:37:39.834Z,leftTorque,80.20912500000001,Track and Field
115888001.0,2024-01-26T16:37:39.834Z,leftCalibration,0.0,Track and Field
115888001.0,2024-01-26T16:37:39.834Z,rightAvgForce,161.25,Track and Field
115888001.0,2024-01-26T16:37:39.834Z,rightImpulse,1050.0849999999996,Track and Field
115888001.0,2024-01-26T16:37:39.834Z,rightMaxForce,163.5,Track and Field
115888001.0,2024-01-26T16:37:39.834Z,rightTorque,61.06725000000001,Track and Field
115888001.0,2024-01-26T16:37:39.834Z,rightCalibration,0.0,Track and Field
115888001.0,2024-01-26T16:37:39.834Z,leftRepetitions,2.0,Track and Field
115888001.0,2024-01-26T16:37:39.834Z,rightRepetitions,2.0,Track and Field
114307749.0,2024-06-06T12:27:40.346Z,leftAvgForce,507.125,Track and Field
114307749.0,2024-06-06T12:27:40.346Z,leftImpulse,6124.725000000006,Track and Field
114307749.0,2024-06-06T12:27:40.346Z,leftMaxForce,519.75,Track and Field
114307749.0,2024-06-06T12:27:40.346Z,leftTorque,236.226375,Track and Field
114307749.0,2024-06-06T12:27:40.346Z,leftCalibration,0.0,Track and Field
114307749.0,2024-06-06T12:27:40.346Z,rightAvgForce,465.25,Track and Field
114307749.0,2024-06-06T12:27:40.346Z,rightImpulse,4869.439999999996,Track and Field
114307749.0,2024-06-06T12:27:40.346Z,rightMaxForce,497.75,Track and Field
114307749.0,2024-06-06T12:27:40.346Z,rightTorque,226.227375,Track and Field
114307749.0,2024-06-06T12:27:40.346Z,rightCalibration,0.0,Track and Field
114307749.0,2024-06-06T12:27:40.346Z,leftRepetitions,2.0,Track and Field
114307749.0,2024-06-06T12:27:40.346Z,rightRepetitions,2.0,Track and Field
115326343.0,2022-09-06T15:00:58.732Z,leftAvgForce,367.5,Track and Field
115326343.0,2022-09-06T15:00:58.732Z,leftImpulse,6499.555,Track and Field
115326343.0,2022-09-06T15:00:58.732Z,leftMaxForce,405.25,Track and Field
115326343.0,2022-09-06T15:00:58.732Z,leftTorque,180.538875,Track and Field
115326343.0,2022-09-06T15:00:58.732Z,leftCalibration,0.0,Track and Field
115326343.0,2022-09-06T15:00:58.732Z,rightAvgForce,334.3333333333333,Track and Field
115326343.0,2022-09-06T15:00:58.732Z,rightImpulse,5229.030000000002,Track and Field
115326343.0,2022-09-06T15:00:58.732Z,rightMaxForce,360.25,Track and Field
115326343.0,2022-09-06T15:00:58.732Z,rightTorque,160.491375,Track and Field
115326343.0,2022-09-06T15:00:58.732Z,rightCalibration,0.0,Track and Field
115326343.0,2022-09-06T15:00:58.732Z,leftRepetitions,3.0,Track and Field
115326343.0,2022-09-06T15:00:58.732Z,rightRepetitions,3.0,Track and Field
115326343.0,2022-11-21T15:21:26.446Z,leftAvgForce,283.1875,Track and Field
115326343.0,2022-11-21T15:21:26.446Z,leftImpulse,7366.505000000004,Track and Field
115326343.0,2022-11-21T15:21:26.446Z,leftMaxForce,364.25,Track and Field
115326343.0,2022-11-21T15:21:26.446Z,leftTorque,152.438625,Track and Field
115326343.0,2022-11-21T15:21:26.446Z,leftCalibration,0.0,Track and Field
115326343.0,2022-11-21T15:21:26.446Z,rightAvgForce,248.875,Track and Field
115326343.0,2022-11-21T15:21:26.446Z,rightImpulse,6719.96,Track and Field
115326343.0,2022-11-21T15:21:26.446Z,rightMaxForce,309.5,Track and Field
115326343.0,2022-11-21T15:21:26.446Z,rightTorque,129.52575,Track and Field
115326343.0,2022-11-21T15:21:26.446Z,rightCalibration,0.0,Track and Field
115326343.0,2022-11-21T15:21:26.446Z,leftRepetitions,4.0,Track and Field
115326343.0,2022-11-21T15:21:26.446Z,rightRepetitions,4.0,Track and Field
115326343.0,2022-11-11T15:29:21.221Z,leftAvgForce,312.6666666666667,Track and Field
115326343.0,2022-11-11T15:29:21.221Z,leftImpulse,6696.519999999999,Track and Field
115326343.0,2022-11-11T15:29:21.221Z,leftMaxForce,332.5,Track and Field
115326343.0,2022-11-11T15:29:21.221Z,leftTorque,139.15125,Track and Field
115326343.0,2022-11-11T15:29:21.221Z,leftCalibration,0.0,Track and Field
115326343.0,2022-11-11T15:29:21.221Z,rightAvgForce,303.25,Track and Field
115326343.0,2022-11-11T15:29:21.221Z,rightImpulse,5968.189999999994,Track and Field
115326343.0,2022-11-11T15:29:21.221Z,rightMaxForce,313.0,Track and Field
115326343.0,2022-11-11T15:29:21.221Z,rightTorque,130.9905,Track and Field
115326343.0,2022-11-11T15:29:21.221Z,rightCalibration,0.0,Track and Field
115326343.0,2022-11-11T15:29:21.221Z,leftRepetitions,3.0,Track and Field
115326343.0,2022-11-11T15:29:21.221Z,rightRepetitions,3.0,Track and Field
115326343.0,2024-01-26T16:24:15.504Z,leftAvgForce,435.5,Track and Field
115326343.0,2024-01-26T16:24:15.504Z,leftImpulse,4476.7800000000025,Track and Field
115326343.0,2024-01-26T16:24:15.504Z,leftMaxForce,437.5,Track and Field
115326343.0,2024-01-26T16:24:15.504Z,leftTorque,187.03125,Track and Field
115326343.0,2024-01-26T16:24:15.504Z,leftCalibration,0.0,Track and Field
115326343.0,2024-01-26T16:24:15.504Z,rightAvgForce,368.25,Track and Field
115326343.0,2024-01-26T16:24:15.504Z,rightImpulse,3985.245000000001,Track and Field
115326343.0,2024-01-26T16:24:15.504Z,rightMaxForce,372.25,Track and Field
115326343.0,2024-01-26T16:24:15.504Z,rightTorque,159.136875,Track and Field
115326343.0,2024-01-26T16:24:15.504Z,rightCalibration,0.0,Track and Field
115326343.0,2024-01-26T16:24:15.504Z,leftRepetitions,2.0,Track and Field
115326343.0,2024-01-26T16:24:15.504Z,rightRepetitions,2.0,Track and Field
114758828.0,2022-09-06T15:03:18.700Z,leftAvgForce,270.1666666666667,Track and Field
114758828.0,2022-09-06T15:03:18.700Z,leftImpulse,3216.44,Track and Field
114758828.0,2022-09-06T15:03:18.700Z,leftMaxForce,283.0,Track and Field
114758828.0,2022-09-06T15:03:18.700Z,leftTorque,108.2475,Track and Field
114758828.0,2022-09-06T15:03:18.700Z,leftCalibration,0.0,Track and Field
114758828.0,2022-09-06T15:03:18.700Z,rightAvgForce,287.16666666666663,Track and Field
114758828.0,2022-09-06T15:03:18.700Z,rightImpulse,3480.4450000000006,Track and Field
114758828.0,2022-09-06T15:03:18.700Z,rightMaxForce,313.0,Track and Field
114758828.0,2022-09-06T15:03:18.700Z,rightTorque,119.7225,Track and Field
114758828.0,2022-09-06T15:03:18.700Z,rightCalibration,0.0,Track and Field
114758828.0,2022-09-06T15:03:18.700Z,leftRepetitions,3.0,Track and Field
114758828.0,2022-09-06T15:03:18.700Z,rightRepetitions,3.0,Track and Field
114758828.0,2022-11-21T15:34:59.140Z,leftAvgForce,298.5833333333333,Track and Field
114758828.0,2022-11-21T15:34:59.140Z,leftImpulse,4075.669999999999,Track and Field
114758828.0,2022-11-21T15:34:59.140Z,leftMaxForce,306.5,Track and Field
114758828.0,2022-11-21T15:34:59.140Z,leftTorque,128.27025,Track and Field
114758828.0,2022-11-21T15:34:59.140Z,leftCalibration,0.0,Track and Field
114758828.0,2022-11-21T15:34:59.140Z,rightAvgForce,309.41666666666663,Track and Field
114758828.0,2022-11-21T15:34:59.140Z,rightImpulse,4515.045,Track and Field
114758828.0,2022-11-21T15:34:59.140Z,rightMaxForce,314.25,Track and Field
114758828.0,2022-11-21T15:34:59.140Z,rightTorque,131.513625,Track and Field
114758828.0,2022-11-21T15:34:59.140Z,rightCalibration,0.0,Track and Field
114758828.0,2022-11-21T15:34:59.140Z,leftRepetitions,3.0,Track and Field
114758828.0,2022-11-21T15:34:59.140Z,rightRepetitions,3.0,Track and Field
115745432.0,2024-01-26T16:36:30.182Z,leftAvgForce,380.25,Track and Field
115745432.0,2024-01-26T16:36:30.182Z,leftImpulse,4035.6799999999994,Track and Field
115745432.0,2024-01-26T16:36:30.182Z,leftMaxForce,380.25,Track and Field
115745432.0,2024-01-26T16:36:30.182Z,leftTorque,159.134625,Track and Field
115745432.0,2024-01-26T16:36:30.182Z,leftCalibration,0.0,Track and Field
115745432.0,2024-01-26T16:36:30.182Z,rightAvgForce,318.0,Track and Field
115745432.0,2024-01-26T16:36:30.182Z,rightImpulse,3192.2149999999983,Track and Field
115745432.0,2024-01-26T16:36:30.182Z,rightMaxForce,318.0,Track and Field
115745432.0,2024-01-26T16:36:30.182Z,rightTorque,133.083,Track and Field
115745432.0,2024-01-26T16:36:30.182Z,rightCalibration,0.0,Track and Field
115745432.0,2024-01-26T16:36:30.182Z,leftRepetitions,1.0,Track and Field
115745432.0,2024-01-26T16:36:30.182Z,rightRepetitions,1.0,Track and Field
115449042.0,2024-01-26T16:38:20.372Z,leftAvgForce,217.5,Track and Field
115449042.0,2024-01-26T16:38:20.372Z,leftImpulse,1280.3200000000002,Track and Field
115449042.0,2024-01-26T16:38:20.372Z,leftMaxForce,217.5,Track and Field
115449042.0,2024-01-26T16:38:20.372Z,leftTorque,92.98125,Track and Field
115449042.0,2024-01-26T16:38:20.372Z,leftCalibration,0.0,Track and Field
115449042.0,2024-01-26T16:38:20.372Z,rightAvgForce,182.25,Track and Field
115449042.0,2024-01-26T16:38:20.372Z,rightImpulse,1011.6400000000004,Track and Field
115449042.0,2024-01-26T16:38:20.372Z,rightMaxForce,182.25,Track and Field
115449042.0,2024-01-26T16:38:20.372Z,rightTorque,77.911875,Track and Field
115449042.0,2024-01-26T16:38:20.372Z,rightCalibration,0.0,Track and Field
115449042.0,2024-01-26T16:38:20.372Z,leftRepetitions,1.0,Track and Field
115449042.0,2024-01-26T16:38:20.372Z,rightRepetitions,1.0,Track and Field
115604302.0,2024-01-26T16:22:51.667Z,leftAvgForce,283.375,Track and Field
115604302.0,2024-01-26T16:22:51.667Z,leftImpulse,3464.6299999999983,Track and Field
115604302.0,2024-01-26T16:22:51.667Z,leftMaxForce,293.5,Track and Field
115604302.0,2024-01-26T16:22:51.667Z,leftTorque,128.11275,Track and Field
115604302.0,2024-01-26T16:22:51.667Z,leftCalibration,0.0,Track and Field
115604302.0,2024-01-26T16:22:51.667Z,rightAvgForce,218.875,Track and Field
115604302.0,2024-01-26T16:22:51.667Z,rightImpulse,2621.5750000000003,Track and Field
115604302.0,2024-01-26T16:22:51.667Z,rightMaxForce,238.25,Track and Field
115604302.0,2024-01-26T16:22:51.667Z,rightTorque,103.996125,Track and Field
115604302.0,2024-01-26T16:22:51.667Z,rightCalibration,0.0,Track and Field
115604302.0,2024-01-26T16:22:51.667Z,leftRepetitions,2.0,Track and Field
115604302.0,2024-01-26T16:22:51.667Z,rightRepetitions,2.0,Track and Field
114492010.0,2022-01-25T18:28:37.353Z,leftAvgForce,234.0833333333333,Track and Field
114492010.0,2022-01-25T18:28:37.353Z,leftImpulse,2451.1399999999994,Track and Field
114492010.0,2022-01-25T18:28:37.353Z,leftMaxForce,244.75,Track and Field
114492010.0,2022-01-25T18:28:37.353Z,leftTorque,93.616875,Track and Field
114492010.0,2022-01-25T18:28:37.353Z,leftCalibration,0.0,Track and Field
114492010.0,2022-01-25T18:28:37.353Z,rightAvgForce,231.0833333333333,Track and Field
114492010.0,2022-01-25T18:28:37.353Z,rightImpulse,2313.47,Track and Field
114492010.0,2022-01-25T18:28:37.353Z,rightMaxForce,246.0,Track and Field
114492010.0,2022-01-25T18:28:37.353Z,rightTorque,94.095,Track and Field
114492010.0,2022-01-25T18:28:37.353Z,rightCalibration,0.0,Track and Field
114492010.0,2022-01-25T18:28:37.353Z,leftRepetitions,3.0,Track and Field
114492010.0,2022-01-25T18:28:37.353Z,rightRepetitions,3.0,Track and Field
114492010.0,2022-01-12T17:08:18.355Z,leftAvgForce,238.8333333333333,Track and Field
114492010.0,2022-01-12T17:08:18.355Z,leftImpulse,2535.475,Track and Field
114492010.0,2022-01-12T17:08:18.355Z,leftMaxForce,265.25,Track and Field
114492010.0,2022-01-12T17:08:18.355Z,leftTorque,101.458125,Track and Field
114492010.0,2022-01-12T17:08:18.355Z,leftCalibration,0.0,Track and Field
114492010.0,2022-01-12T17:08:18.355Z,rightAvgForce,248.91666666666663,Track and Field
114492010.0,2022-01-12T17:08:18.355Z,rightImpulse,2434.2599999999998,Track and Field
114492010.0,2022-01-12T17:08:18.355Z,rightMaxForce,265.0,Track and Field
114492010.0,2022-01-12T17:08:18.355Z,rightTorque,101.3625,Track and Field
114492010.0,2022-01-12T17:08:18.355Z,rightCalibration,0.0,Track and Field
114492010.0,2022-01-12T17:08:18.355Z,leftRepetitions,3.0,Track and Field
114492010.0,2022-01-12T17:08:18.355Z,rightRepetitions,3.0,Track and Field
114492010.0,2022-02-21T19:06:06.251Z,leftAvgForce,204.5833333333333,Track and Field
114492010.0,2022-02-21T19:06:06.251Z,leftImpulse,1889.3,Track and Field
114492010.0,2022-02-21T19:06:06.251Z,leftMaxForce,231.75,Track and Field
114492010.0,2022-02-21T19:06:06.251Z,leftTorque,88.644375,Track and Field
114492010.0,2022-02-21T19:06:06.251Z,leftCalibration,0.0,Track and Field
114492010.0,2022-02-21T19:06:06.251Z,rightAvgForce,202.0833333333333,Track and Field
114492010.0,2022-02-21T19:06:06.251Z,rightImpulse,1598.9200000000003,Track and Field
114492010.0,2022-02-21T19:06:06.251Z,rightMaxForce,215.25,Track and Field
114492010.0,2022-02-21T19:06:06.251Z,rightTorque,82.333125,Track and Field
114492010.0,2022-02-21T19:06:06.251Z,rightCalibration,0.0,Track and Field
114492010.0,2022-02-21T19:06:06.251Z,leftRepetitions,3.0,Track and Field
114492010.0,2022-02-21T19:06:06.251Z,rightRepetitions,3.0,Track and Field
114492010.0,2022-02-07T18:59:28.776Z,leftAvgForce,203.66666666666663,Track and Field
114492010.0,2022-02-07T18:59:28.776Z,leftImpulse,1830.2450000000008,Track and Field
114492010.0,2022-02-07T18:59:28.776Z,leftMaxForce,206.0,Track and Field
114492010.0,2022-02-07T18:59:28.776Z,leftTorque,78.795,Track and Field
114492010.0,2022-02-07T18:59:28.776Z,leftCalibration,0.0,Track and Field
114492010.0,2022-02-07T18:59:28.776Z,rightAvgForce,217.5833333333333,Track and Field
114492010.0,2022-02-07T18:59:28.776Z,rightImpulse,1526.3350000000005,Track and Field
114492010.0,2022-02-07T18:59:28.776Z,rightMaxForce,226.5,Track and Field
114492010.0,2022-02-07T18:59:28.776Z,rightTorque,86.63625,Track and Field
114492010.0,2022-02-07T18:59:28.776Z,rightCalibration,0.0,Track and Field
114492010.0,2022-02-07T18:59:28.776Z,leftRepetitions,3.0,Track and Field
114492010.0,2022-02-07T18:59:28.776Z,rightRepetitions,3.0,Track and Field
114492010.0,2022-03-21T17:34:21.117Z,leftAvgForce,195.91666666666663,Track and Field
114492010.0,2022-03-21T17:34:21.117Z,leftImpulse,1412.3550000000002,Track and Field
114492010.0,2022-03-21T17:34:21.117Z,leftMaxForce,243.0,Track and Field
114492010.0,2022-03-21T17:34:21.117Z,leftTorque,92.9475,Track and Field
114492010.0,2022-03-21T17:34:21.117Z,leftCalibration,0.0,Track and Field
114492010.0,2022-03-21T17:34:21.117Z,rightAvgForce,195.08333333333331,Track and Field
114492010.0,2022-03-21T17:34:21.117Z,rightImpulse,1489.09,Track and Field
114492010.0,2022-03-21T17:34:21.117Z,rightMaxForce,236.25,Track and Field
114492010.0,2022-03-21T17:34:21.117Z,rightTorque,90.365625,Track and Field
114492010.0,2022-03-21T17:34:21.117Z,rightCalibration,0.0,Track and Field
114492010.0,2022-03-21T17:34:21.117Z,leftRepetitions,3.0,Track and Field
114492010.0,2022-03-21T17:34:21.117Z,rightRepetitions,3.0,Track and Field
114492010.0,2022-04-25T18:03:02.974Z,leftAvgForce,193.5,Track and Field
114492010.0,2022-04-25T18:03:02.974Z,leftImpulse,1021.6,Track and Field
114492010.0,2022-04-25T18:03:02.974Z,leftMaxForce,199.25,Track and Field
114492010.0,2022-04-25T18:03:02.974Z,leftTorque,76.213125,Track and Field
114492010.0,2022-04-25T18:03:02.974Z,leftCalibration,0.0,Track and Field
114492010.0,2022-04-25T18:03:02.974Z,rightAvgForce,220.375,Track and Field
114492010.0,2022-04-25T18:03:02.974Z,rightImpulse,878.315,Track and Field
114492010.0,2022-04-25T18:03:02.974Z,rightMaxForce,224.0,Track and Field
114492010.0,2022-04-25T18:03:02.974Z,rightTorque,85.68,Track and Field
114492010.0,2022-04-25T18:03:02.974Z,rightCalibration,0.0,Track and Field
114492010.0,2022-04-25T18:03:02.974Z,leftRepetitions,2.0,Track and Field
114492010.0,2022-04-25T18:03:02.974Z,rightRepetitions,2.0,Track and Field
114492010.0,2022-04-04T17:41:00.557Z,leftAvgForce,207.625,Track and Field
114492010.0,2022-04-04T17:41:00.557Z,leftImpulse,1224.1149999999998,Track and Field
114492010.0,2022-04-04T17:41:00.557Z,leftMaxForce,212.5,Track and Field
114492010.0,2022-04-04T17:41:00.557Z,leftTorque,81.28125,Track and Field
114492010.0,2022-04-04T17:41:00.557Z,leftCalibration,0.0,Track and Field
114492010.0,2022-04-04T17:41:00.557Z,rightAvgForce,210.25,Track and Field
114492010.0,2022-04-04T17:41:00.557Z,rightImpulse,1241.0749999999996,Track and Field
114492010.0,2022-04-04T17:41:00.557Z,rightMaxForce,213.75,Track and Field
114492010.0,2022-04-04T17:41:00.557Z,rightTorque,81.759375,Track and Field
114492010.0,2022-04-04T17:41:00.557Z,rightCalibration,0.0,Track and Field
114492010.0,2022-04-04T17:41:00.557Z,leftRepetitions,2.0,Track and Field
114492010.0,2022-04-04T17:41:00.557Z,rightRepetitions,2.0,Track and Field
114492010.0,2022-09-06T15:04:25.832Z,leftAvgForce,254.66666666666663,Track and Field
114492010.0,2022-09-06T15:04:25.832Z,leftImpulse,3241.4900000000007,Track and Field
114492010.0,2022-09-06T15:04:25.832Z,leftMaxForce,263.0,Track and Field
114492010.0,2022-09-06T15:04:25.832Z,leftTorque,100.5975,Track and Field
114492010.0,2022-09-06T15:04:25.832Z,leftCalibration,0.0,Track and Field
114492010.0,2022-09-06T15:04:25.832Z,rightAvgForce,258.0833333333333,Track and Field
114492010.0,2022-09-06T15:04:25.832Z,rightImpulse,2961.51,Track and Field
114492010.0,2022-09-06T15:04:25.832Z,rightMaxForce,277.75,Track and Field
114492010.0,2022-09-06T15:04:25.832Z,rightTorque,106.239375,Track and Field
114492010.0,2022-09-06T15:04:25.832Z,rightCalibration,0.0,Track and Field
114492010.0,2022-09-06T15:04:25.832Z,leftRepetitions,3.0,Track and Field
114492010.0,2022-09-06T15:04:25.832Z,rightRepetitions,3.0,Track and Field
114137043.0,2022-03-21T16:10:18.814Z,leftAvgForce,263.0,Track and Field
114137043.0,2022-03-21T16:10:18.814Z,leftImpulse,3916.9450000000006,Track and Field
114137043.0,2022-03-21T16:10:18.814Z,leftMaxForce,279.75,Track and Field
114137043.0,2022-03-21T16:10:18.814Z,leftTorque,119.593125,Track and Field
114137043.0,2022-03-21T16:10:18.814Z,leftCalibration,0.0,Track and Field
114137043.0,2022-03-21T16:10:18.814Z,rightAvgForce,237.75,Track and Field
114137043.0,2022-03-21T16:10:18.814Z,rightImpulse,3541.7899999999963,Track and Field
114137043.0,2022-03-21T16:10:18.814Z,rightMaxForce,256.25,Track and Field
114137043.0,2022-03-21T16:10:18.814Z,rightTorque,109.546875,Track and Field
114137043.0,2022-03-21T16:10:18.814Z,rightCalibration,0.0,Track and Field
114137043.0,2022-03-21T16:10:18.814Z,leftRepetitions,2.0,Track and Field
114137043.0,2022-03-21T16:10:18.814Z,rightRepetitions,2.0,Track and Field
114137043.0,2022-04-25T16:01:40.187Z,leftAvgForce,297.75,Track and Field
114137043.0,2022-04-25T16:01:40.187Z,leftImpulse,3588.26,Track and Field
114137043.0,2022-04-25T16:01:40.187Z,leftMaxForce,349.5,Track and Field
114137043.0,2022-04-25T16:01:40.187Z,leftTorque,149.41125,Track and Field
114137043.0,2022-04-25T16:01:40.187Z,leftCalibration,0.0,Track and Field
114137043.0,2022-04-25T16:01:40.187Z,rightAvgForce,322.25,Track and Field
114137043.0,2022-04-25T16:01:40.187Z,rightImpulse,3798.559999999999,Track and Field
114137043.0,2022-04-25T16:01:40.187Z,rightMaxForce,381.75,Track and Field
114137043.0,2022-04-25T16:01:40.187Z,rightTorque,163.198125,Track and Field
114137043.0,2022-04-25T16:01:40.187Z,rightCalibration,0.0,Track and Field
114137043.0,2022-04-25T16:01:40.187Z,leftRepetitions,2.0,Track and Field
114137043.0,2022-04-25T16:01:40.187Z,rightRepetitions,2.0,Track and Field
114137043.0,2022-04-04T16:01:05.410Z,leftAvgForce,315.625,Track and Field
114137043.0,2022-04-04T16:01:05.410Z,leftImpulse,3451.194999999998,Track and Field
114137043.0,2022-04-04T16:01:05.410Z,leftMaxForce,339.5,Track and Field
114137043.0,2022-04-04T16:01:05.410Z,leftTorque,145.13625,Track and Field
114137043.0,2022-04-04T16:01:05.410Z,leftCalibration,0.0,Track and Field
114137043.0,2022-04-04T16:01:05.410Z,rightAvgForce,306.0,Track and Field
114137043.0,2022-04-04T16:01:05.410Z,rightImpulse,3440.3099999999995,Track and Field
114137043.0,2022-04-04T16:01:05.410Z,rightMaxForce,331.5,Track and Field
114137043.0,2022-04-04T16:01:05.410Z,rightTorque,141.71625,Track and Field
114137043.0,2022-04-04T16:01:05.410Z,rightCalibration,0.0,Track and Field
114137043.0,2022-04-04T16:01:05.410Z,leftRepetitions,2.0,Track and Field
114137043.0,2022-04-04T16:01:05.410Z,rightRepetitions,2.0,Track and Field
114137043.0,2022-09-06T14:45:42.519Z,leftAvgForce,425.9166666666666,Track and Field
114137043.0,2022-09-06T14:45:42.519Z,leftImpulse,6751.625,Track and Field
114137043.0,2022-09-06T14:45:42.519Z,leftMaxForce,451.25,Track and Field
114137043.0,2022-09-06T14:45:42.519Z,leftTorque,192.909375,Track and Field
114137043.0,2022-09-06T14:45:42.519Z,leftCalibration,0.0,Track and Field
114137043.0,2022-09-06T14:45:42.519Z,rightAvgForce,409.5,Track and Field
114137043.0,2022-09-06T14:45:42.519Z,rightImpulse,6515.665000000001,Track and Field
114137043.0,2022-09-06T14:45:42.519Z,rightMaxForce,435.75,Track and Field
114137043.0,2022-09-06T14:45:42.519Z,rightTorque,186.283125,Track and Field
114137043.0,2022-09-06T14:45:42.519Z,rightCalibration,0.0,Track and Field
114137043.0,2022-09-06T14:45:42.519Z,leftRepetitions,3.0,Track and Field
114137043.0,2022-09-06T14:45:42.519Z,rightRepetitions,3.0,Track and Field
114137043.0,2022-11-21T15:36:17.105Z,leftAvgForce,459.25,Track and Field
114137043.0,2022-11-21T15:36:17.105Z,leftImpulse,8580.180000000004,Track and Field
114137043.0,2022-11-21T15:36:17.105Z,leftMaxForce,466.0,Track and Field
114137043.0,2022-11-21T15:36:17.105Z,leftTorque,195.021,Track and Field
114137043.0,2022-11-21T15:36:17.105Z,leftCalibration,0.0,Track and Field
114137043.0,2022-11-21T15:36:17.105Z,rightAvgForce,405.33333333333326,Track and Field
114137043.0,2022-11-21T15:36:17.105Z,rightImpulse,7814.039999999998,Track and Field
114137043.0,2022-11-21T15:36:17.105Z,rightMaxForce,435.5,Track and Field
114137043.0,2022-11-21T15:36:17.105Z,rightTorque,182.25675,Track and Field
114137043.0,2022-11-21T15:36:17.105Z,rightCalibration,0.0,Track and Field
114137043.0,2022-11-21T15:36:17.105Z,leftRepetitions,3.0,Track and Field
114137043.0,2022-11-21T15:36:17.105Z,rightRepetitions,3.0,Track and Field
115860519.0,2023-09-06T11:17:25.783Z,leftAvgForce,156.5,Track and Field
115860519.0,2023-09-06T11:17:25.783Z,leftImpulse,1072.9100000000008,Track and Field
115860519.0,2023-09-06T11:17:25.783Z,leftMaxForce,156.5,Track and Field
115860519.0,2023-09-06T11:17:25.783Z,leftTorque,61.26975,Track and Field
115860519.0,2023-09-06T11:17:25.783Z,leftCalibration,0.0,Track and Field
115860519.0,2023-09-06T11:17:25.783Z,rightAvgForce,0.0,Track and Field
115860519.0,2023-09-06T11:17:25.783Z,rightImpulse,0.0,Track and Field
115860519.0,2023-09-06T11:17:25.783Z,rightMaxForce,0.0,Track and Field
115860519.0,2023-09-06T11:17:25.783Z,rightTorque,0.0,Track and Field
115860519.0,2023-09-06T11:17:25.783Z,rightCalibration,0.0,Track and Field
115860519.0,2023-09-06T11:17:25.783Z,leftRepetitions,0.0,Track and Field
115860519.0,2023-09-06T11:17:25.783Z,rightRepetitions,0.0,Track and Field
115860519.0,2023-12-06T14:57:12.089Z,leftAvgForce,409.75,Track and Field
115860519.0,2023-12-06T14:57:12.089Z,leftImpulse,2495.890000000001,Track and Field
115860519.0,2023-12-06T14:57:12.089Z,leftMaxForce,409.75,Track and Field
115860519.0,2023-12-06T14:57:12.089Z,leftTorque,160.417125,Track and Field
115860519.0,2023-12-06T14:57:12.089Z,leftCalibration,0.0,Track and Field
115860519.0,2023-12-06T14:57:12.089Z,rightAvgForce,231.0,Track and Field
115860519.0,2023-12-06T14:57:12.089Z,rightImpulse,343.52999999999986,Track and Field
115860519.0,2023-12-06T14:57:12.089Z,rightMaxForce,231.0,Track and Field
115860519.0,2023-12-06T14:57:12.089Z,rightTorque,90.4365,Track and Field
115860519.0,2023-12-06T14:57:12.089Z,rightCalibration,0.0,Track and Field
115860519.0,2023-12-06T14:57:12.089Z,leftRepetitions,0.0,Track and Field
115860519.0,2023-12-06T14:57:12.089Z,rightRepetitions,1.0,Track and Field
115860519.0,2023-12-06T14:56:53.108Z,leftAvgForce,426.5,Track and Field
115860519.0,2023-12-06T14:56:53.108Z,leftImpulse,2203.375000000003,Track and Field
115860519.0,2023-12-06T14:56:53.108Z,leftMaxForce,426.5,Track and Field
115860519.0,2023-12-06T14:56:53.108Z,leftTorque,166.97475,Track and Field
115860519.0,2023-12-06T14:56:53.108Z,leftCalibration,0.0,Track and Field
115860519.0,2023-12-06T14:56:53.108Z,rightAvgForce,226.75,Track and Field
115860519.0,2023-12-06T14:56:53.108Z,rightImpulse,362.83,Track and Field
115860519.0,2023-12-06T14:56:53.108Z,rightMaxForce,226.75,Track and Field
115860519.0,2023-12-06T14:56:53.108Z,rightTorque,88.772625,Track and Field
115860519.0,2023-12-06T14:56:53.108Z,rightCalibration,0.0,Track and Field
115860519.0,2023-12-06T14:56:53.108Z,leftRepetitions,0.0,Track and Field
115860519.0,2023-12-06T14:56:53.108Z,rightRepetitions,1.0,Track and Field
115860519.0,2024-01-26T16:25:53.292Z,leftAvgForce,157.0,Track and Field
115860519.0,2024-01-26T16:25:53.292Z,leftImpulse,561.5249999999996,Track and Field
115860519.0,2024-01-26T16:25:53.292Z,leftMaxForce,157.0,Track and Field
115860519.0,2024-01-26T16:25:53.292Z,leftTorque,61.465500000000006,Track and Field
115860519.0,2024-01-26T16:25:53.292Z,leftCalibration,0.0,Track and Field
115860519.0,2024-01-26T16:25:53.292Z,rightAvgForce,175.0,Track and Field
115860519.0,2024-01-26T16:25:53.292Z,rightImpulse,547.7949999999998,Track and Field
115860519.0,2024-01-26T16:25:53.292Z,rightMaxForce,175.0,Track and Field
115860519.0,2024-01-26T16:25:53.292Z,rightTorque,68.5125,Track and Field
115860519.0,2024-01-26T16:25:53.292Z,rightCalibration,0.0,Track and Field
115860519.0,2024-01-26T16:25:53.292Z,leftRepetitions,1.0,Track and Field
115860519.0,2024-01-26T16:25:53.292Z,rightRepetitions,1.0,Track and Field
113091647.0,2022-09-06T14:36:53.284Z,leftAvgForce,395.5,Track and Field
113091647.0,2022-09-06T14:36:53.284Z,leftImpulse,9177.825000000008,Track and Field
113091647.0,2022-09-06T14:36:53.284Z,leftMaxForce,422.25,Track and Field
113091647.0,2022-09-06T14:36:53.284Z,leftTorque,214.714125,Track and Field
113091647.0,2022-09-06T14:36:53.284Z,leftCalibration,0.0,Track and Field
113091647.0,2022-09-06T14:36:53.284Z,rightAvgForce,403.5833333333333,Track and Field
113091647.0,2022-09-06T14:36:53.284Z,rightImpulse,8712.325,Track and Field
113091647.0,2022-09-06T14:36:53.284Z,rightMaxForce,435.75,Track and Field
113091647.0,2022-09-06T14:36:53.284Z,rightTorque,221.578875,Track and Field
113091647.0,2022-09-06T14:36:53.284Z,rightCalibration,0.0,Track and Field
113091647.0,2022-09-06T14:36:53.284Z,leftRepetitions,3.0,Track and Field
113091647.0,2022-09-06T14:36:53.284Z,rightRepetitions,3.0,Track and Field
113337257.0,2022-01-24T16:57:32.833Z,leftAvgForce,261.0833333333333,Track and Field
113337257.0,2022-01-24T16:57:32.833Z,leftImpulse,4540.9000000000015,Track and Field
113337257.0,2022-01-24T16:57:32.833Z,leftMaxForce,264.25,Track and Field
113337257.0,2022-01-24T16:57:32.833Z,leftTorque,112.966875,Track and Field
113337257.0,2022-01-24T16:57:32.833Z,leftCalibration,0.0,Track and Field
113337257.0,2022-01-24T16:57:32.833Z,rightAvgForce,309.1666666666667,Track and Field
113337257.0,2022-01-24T16:57:32.833Z,rightImpulse,5121.485,Track and Field
113337257.0,2022-01-24T16:57:32.833Z,rightMaxForce,320.75,Track and Field
113337257.0,2022-01-24T16:57:32.833Z,rightTorque,137.120625,Track and Field
113337257.0,2022-01-24T16:57:32.833Z,rightCalibration,0.0,Track and Field
113337257.0,2022-01-24T16:57:32.833Z,leftRepetitions,3.0,Track and Field
113337257.0,2022-01-24T16:57:32.833Z,rightRepetitions,3.0,Track and Field
113337257.0,2022-01-12T17:14:16.556Z,leftAvgForce,268.3333333333333,Track and Field
113337257.0,2022-01-12T17:14:16.556Z,leftImpulse,5187.349999999999,Track and Field
113337257.0,2022-01-12T17:14:16.556Z,leftMaxForce,285.5,Track and Field
113337257.0,2022-01-12T17:14:16.556Z,leftTorque,122.05125,Track and Field
113337257.0,2022-01-12T17:14:16.556Z,leftCalibration,0.0,Track and Field
113337257.0,2022-01-12T17:14:16.556Z,rightAvgForce,298.8333333333333,Track and Field
113337257.0,2022-01-12T17:14:16.556Z,rightImpulse,5570.395000000008,Track and Field
113337257.0,2022-01-12T17:14:16.556Z,rightMaxForce,314.0,Track and Field
113337257.0,2022-01-12T17:14:16.556Z,rightTorque,134.235,Track and Field
113337257.0,2022-01-12T17:14:16.556Z,rightCalibration,0.0,Track and Field
113337257.0,2022-01-12T17:14:16.556Z,leftRepetitions,3.0,Track and Field
113337257.0,2022-01-12T17:14:16.556Z,rightRepetitions,3.0,Track and Field
113337257.0,2022-02-21T16:54:04.114Z,leftAvgForce,259.1666666666667,Track and Field
113337257.0,2022-02-21T16:54:04.114Z,leftImpulse,6404.039999999998,Track and Field
113337257.0,2022-02-21T16:54:04.114Z,leftMaxForce,270.0,Track and Field
113337257.0,2022-02-21T16:54:04.114Z,leftTorque,115.425,Track and Field
113337257.0,2022-02-21T16:54:04.114Z,leftCalibration,0.0,Track and Field
113337257.0,2022-02-21T16:54:04.114Z,rightAvgForce,266.91666666666663,Track and Field
113337257.0,2022-02-21T16:54:04.114Z,rightImpulse,6444.105000000003,Track and Field
113337257.0,2022-02-21T16:54:04.114Z,rightMaxForce,301.75,Track and Field
113337257.0,2022-02-21T16:54:04.114Z,rightTorque,128.998125,Track and Field
113337257.0,2022-02-21T16:54:04.114Z,rightCalibration,0.0,Track and Field
113337257.0,2022-02-21T16:54:04.114Z,leftRepetitions,3.0,Track and Field
113337257.0,2022-02-21T16:54:04.114Z,rightRepetitions,3.0,Track and Field
113337257.0,2022-02-07T17:01:27.991Z,leftAvgForce,264.5833333333333,Track and Field
113337257.0,2022-02-07T17:01:27.991Z,leftImpulse,6973.960000000004,Track and Field
113337257.0,2022-02-07T17:01:27.991Z,leftMaxForce,270.25,Track and Field
113337257.0,2022-02-07T17:01:27.991Z,leftTorque,115.531875,Track and Field
113337257.0,2022-02-07T17:01:27.991Z,leftCalibration,0.0,Track and Field
113337257.0,2022-02-07T17:01:27.991Z,rightAvgForce,293.0833333333333,Track and Field
113337257.0,2022-02-07T17:01:27.991Z,rightImpulse,7364.059999999999,Track and Field
113337257.0,2022-02-07T17:01:27.991Z,rightMaxForce,305.25,Track and Field
113337257.0,2022-02-07T17:01:27.991Z,rightTorque,130.494375,Track and Field
113337257.0,2022-02-07T17:01:27.991Z,rightCalibration,0.0,Track and Field
113337257.0,2022-02-07T17:01:27.991Z,leftRepetitions,3.0,Track and Field
113337257.0,2022-02-07T17:01:27.991Z,rightRepetitions,3.0,Track and Field
113337257.0,2022-03-21T16:07:44.817Z,leftAvgForce,288.5,Track and Field
113337257.0,2022-03-21T16:07:44.817Z,leftImpulse,6218.054999999999,Track and Field
113337257.0,2022-03-21T16:07:44.817Z,leftMaxForce,293.0,Track and Field
113337257.0,2022-03-21T16:07:44.817Z,leftTorque,125.2575,Track and Field
113337257.0,2022-03-21T16:07:44.817Z,leftCalibration,0.0,Track and Field
113337257.0,2022-03-21T16:07:44.817Z,rightAvgForce,298.5,Track and Field
113337257.0,2022-03-21T16:07:44.817Z,rightImpulse,6556.569999999998,Track and Field
113337257.0,2022-03-21T16:07:44.817Z,rightMaxForce,304.5,Track and Field
113337257.0,2022-03-21T16:07:44.817Z,rightTorque,130.17374999999998,Track and Field
113337257.0,2022-03-21T16:07:44.817Z,rightCalibration,0.0,Track and Field
113337257.0,2022-03-21T16:07:44.817Z,leftRepetitions,2.0,Track and Field
113337257.0,2022-03-21T16:07:44.817Z,rightRepetitions,2.0,Track and Field
113337257.0,2022-04-25T15:59:14.512Z,leftAvgForce,273.25,Track and Field
113337257.0,2022-04-25T15:59:14.512Z,leftImpulse,2950.11,Track and Field
113337257.0,2022-04-25T15:59:14.512Z,leftMaxForce,273.25,Track and Field
113337257.0,2022-04-25T15:59:14.512Z,leftTorque,116.814375,Track and Field
113337257.0,2022-04-25T15:59:14.512Z,leftCalibration,0.0,Track and Field
113337257.0,2022-04-25T15:59:14.512Z,rightAvgForce,341.0,Track and Field
113337257.0,2022-04-25T15:59:14.512Z,rightImpulse,3315.8650000000025,Track and Field
113337257.0,2022-04-25T15:59:14.512Z,rightMaxForce,341.0,Track and Field
113337257.0,2022-04-25T15:59:14.512Z,rightTorque,145.7775,Track and Field
113337257.0,2022-04-25T15:59:14.512Z,rightCalibration,0.0,Track and Field
113337257.0,2022-04-25T15:59:14.512Z,leftRepetitions,1.0,Track and Field
113337257.0,2022-04-25T15:59:14.512Z,rightRepetitions,1.0,Track and Field
113337257.0,2022-04-04T16:00:12.623Z,leftAvgForce,278.625,Track and Field
113337257.0,2022-04-04T16:00:12.623Z,leftImpulse,7414.944999999995,Track and Field
113337257.0,2022-04-04T16:00:12.623Z,leftMaxForce,292.5,Track and Field
113337257.0,2022-04-04T16:00:12.623Z,leftTorque,125.04375,Track and Field
113337257.0,2022-04-04T16:00:12.623Z,leftCalibration,0.0,Track and Field
113337257.0,2022-04-04T16:00:12.623Z,rightAvgForce,298.5,Track and Field
113337257.0,2022-04-04T16:00:12.623Z,rightImpulse,8257.010000000024,Track and Field
113337257.0,2022-04-04T16:00:12.623Z,rightMaxForce,313.0,Track and Field
113337257.0,2022-04-04T16:00:12.623Z,rightTorque,133.8075,Track and Field
113337257.0,2022-04-04T16:00:12.623Z,rightCalibration,0.0,Track and Field
113337257.0,2022-04-04T16:00:12.623Z,leftRepetitions,2.0,Track and Field
113337257.0,2022-04-04T16:00:12.623Z,rightRepetitions,2.0,Track and Field
113337257.0,2022-09-06T14:54:04.396Z,leftAvgForce,297.25,Track and Field
113337257.0,2022-09-06T14:54:04.396Z,leftImpulse,5958.030000000003,Track and Field
113337257.0,2022-09-06T14:54:04.396Z,leftMaxForce,302.75,Track and Field
113337257.0,2022-09-06T14:54:04.396Z,leftTorque,129.425625,Track and Field
113337257.0,2022-09-06T14:54:04.396Z,leftCalibration,0.0,Track and Field
113337257.0,2022-09-06T14:54:04.396Z,rightAvgForce,300.5833333333333,Track and Field
113337257.0,2022-09-06T14:54:04.396Z,rightImpulse,5762.725,Track and Field
113337257.0,2022-09-06T14:54:04.396Z,rightMaxForce,302.0,Track and Field
113337257.0,2022-09-06T14:54:04.396Z,rightTorque,129.105,Track and Field
113337257.0,2022-09-06T14:54:04.396Z,rightCalibration,0.0,Track and Field
113337257.0,2022-09-06T14:54:04.396Z,leftRepetitions,3.0,Track and Field
113337257.0,2022-09-06T14:54:04.396Z,rightRepetitions,3.0,Track and Field
113337257.0,2022-11-21T15:32:45.739Z,leftAvgForce,297.75,Track and Field
113337257.0,2022-11-21T15:32:45.739Z,leftImpulse,6506.180000000002,Track and Field
113337257.0,2022-11-21T15:32:45.739Z,leftMaxForce,312.75,Track and Field
113337257.0,2022-11-21T15:32:45.739Z,leftTorque,139.330125,Track and Field
113337257.0,2022-11-21T15:32:45.739Z,leftCalibration,0.0,Track and Field
113337257.0,2022-11-21T15:32:45.739Z,rightAvgForce,297.75,Track and Field
113337257.0,2022-11-21T15:32:45.739Z,rightImpulse,6709.219999999998,Track and Field
113337257.0,2022-11-21T15:32:45.739Z,rightMaxForce,301.75,Track and Field
113337257.0,2022-11-21T15:32:45.739Z,rightTorque,134.42962500000002,Track and Field
113337257.0,2022-11-21T15:32:45.739Z,rightCalibration,0.0,Track and Field
113337257.0,2022-11-21T15:32:45.739Z,leftRepetitions,3.0,Track and Field
113337257.0,2022-11-21T15:32:45.739Z,rightRepetitions,3.0,Track and Field
114502308.0,2022-09-06T15:02:01.375Z,leftAvgForce,263.66666666666663,Track and Field
114502308.0,2022-09-06T15:02:01.375Z,leftImpulse,4761.310000000002,Track and Field
114502308.0,2022-09-06T15:02:01.375Z,leftMaxForce,270.25,Track and Field
114502308.0,2022-09-06T15:02:01.375Z,leftTorque,100.938375,Track and Field
114502308.0,2022-09-06T15:02:01.375Z,leftCalibration,0.0,Track and Field
114502308.0,2022-09-06T15:02:01.375Z,rightAvgForce,296.5,Track and Field
114502308.0,2022-09-06T15:02:01.375Z,rightImpulse,4755.97,Track and Field
114502308.0,2022-09-06T15:02:01.375Z,rightMaxForce,311.75,Track and Field
114502308.0,2022-09-06T15:02:01.375Z,rightTorque,116.43862500000002,Track and Field
114502308.0,2022-09-06T15:02:01.375Z,rightCalibration,0.0,Track and Field
114502308.0,2022-09-06T15:02:01.375Z,leftRepetitions,3.0,Track and Field
114502308.0,2022-09-06T15:02:01.375Z,rightRepetitions,3.0,Track and Field
